-0.768,1.108,9.452,1.0
-0.7578750000000001,1.1142500000000002,9.432875,1.0
-0.74775,1.1205,9.41375,1.0
-0.737625,1.12675,9.394625,1.0
-0.7275,1.133,9.375499999999999,1.0
-0.7173750000000001,1.13925,9.356375,1.0
-0.70725,1.1455,9.33725,1.0
-0.697125,1.1517499999999998,9.318125,1.0
-0.687,1.158,9.299,1.0
-0.681625,1.160375,9.288499999999999,1.0
-0.67625,1.16275,9.277999999999999,1.0
-0.670875,1.165125,9.2675,1.0
-0.6655,1.1675,9.257,1.0
-0.6601250000000001,1.169875,9.2465,1.0
-0.65475,1.17225,9.236,1.0
-0.649375,1.174625,9.2255,1.0
-0.644,1.177,9.215,1.0
-0.635625,1.177625,9.204875,1.0
-0.62725,1.17825,9.194749999999999,1.0
-0.618875,1.1788750000000001,9.184625,1.0
-0.6105,1.1795,9.1745,1.0
-0.602125,1.1801249999999999,9.164375,1.0
-0.59375,1.18075,9.154250000000001,1.0
-0.585375,1.181375,9.144125,1.0
-0.577,1.182,9.134,1.0
-0.57,1.177875,9.125250000000001,1.0
-0.563,1.17375,9.1165,1.0
-0.5559999999999999,1.169625,9.10775,1.0
-0.5489999999999999,1.1655,9.099,1.0
-0.542,1.161375,9.090250000000001,1.0
-0.535,1.15725,9.0815,1.0
-0.528,1.153125,9.07275,1.0
-0.521,1.149,9.064,1.0
-0.5201250000000001,1.145125,9.061875,1.0
-0.51925,1.14125,9.059750000000001,1.0
-0.518375,1.137375,9.057625,1.0
-0.5175000000000001,1.1335000000000002,9.0555,1.0
-0.516625,1.129625,9.053375,1.0
-0.51575,1.12575,9.05125,1.0
-0.514875,1.1218750000000002,9.049125,1.0
-0.514,1.118,9.047,1.0
-0.51075,1.1158750000000002,9.05,1.0
-0.5075000000000001,1.11375,9.053,1.0
-0.50425,1.111625,9.056000000000001,1.0
-0.501,1.1095000000000002,9.059000000000001,1.0
-0.49775,1.107375,9.062,1.0
-0.4945,1.10525,9.065,1.0
-0.49124999999999996,1.103125,9.068,1.0
-0.488,1.101,9.071,1.0
-0.487375,1.09525,9.07825,1.0
-0.48675,1.0895,9.0855,1.0
-0.486125,1.08375,9.092749999999999,1.0
-0.4855,1.0779999999999998,9.1,1.0
-0.484875,1.07225,9.10725,1.0
-0.48424999999999996,1.0665,9.1145,1.0
-0.48362499999999997,1.0607499999999999,9.121749999999999,1.0
-0.483,1.055,9.129,1.0
-0.48124999999999996,1.044,9.146374999999999,1.0
-0.4795,1.033,9.16375,1.0
-0.47775,1.022,9.181125,1.0
-0.476,1.011,9.1985,1.0
-0.47424999999999995,1.0,9.215875,1.0
-0.4725,0.989,9.23325,1.0
-0.47075,0.978,9.250625000000001,1.0
-0.469,0.967,9.268,1.0
-0.468375,0.9642499999999999,9.2715,1.0
-0.46775,0.9615,9.275,1.0
-0.467125,0.95875,9.278500000000001,1.0
-0.4665,0.956,9.282,1.0
-0.465875,0.9532499999999999,9.285499999999999,1.0
-0.46525,0.9504999999999999,9.289,1.0
-0.464625,0.94775,9.2925,1.0
-0.464,0.945,9.296,1.0
-0.463125,0.9372499999999999,9.306249999999999,1.0
-0.46225000000000005,0.9295,9.3165,1.0
-0.46137500000000004,0.92175,9.32675,1.0
-0.4605,0.9139999999999999,9.337,1.0
-0.459625,0.90625,9.347249999999999,1.0
-0.45875,0.8985,9.3575,1.0
-0.45787500000000003,0.89075,9.367750000000001,1.0
-0.457,0.883,9.378,1.0
-0.45937500000000003,0.873375,9.386375000000001,1.0
-0.46175,0.86375,9.39475,1.0
-0.464125,0.854125,9.403125,1.0
-0.4665,0.8445,9.4115,1.0
-0.468875,0.834875,9.419875000000001,1.0
-0.47125,0.82525,9.42825,1.0
-0.47362499999999996,0.815625,9.436625,1.0
-0.476,0.806,9.445,1.0
-0.476875,0.8,9.446125,1.0
-0.47775,0.794,9.44725,1.0
-0.47862499999999997,0.788,9.448375,1.0
-0.4795,0.782,9.4495,1.0
-0.480375,0.776,9.450625,1.0
-0.48124999999999996,0.77,9.45175,1.0
-0.48212499999999997,0.764,9.452875,1.0
-0.483,0.758,9.454,1.0
-0.48575,0.75,9.455,1.0
-0.4885,0.742,9.456,1.0
-0.49124999999999996,0.734,9.457,1.0
-0.494,0.726,9.458,1.0
-0.49675,0.718,9.459,1.0
-0.4995,0.71,9.46,1.0
-0.50225,0.702,9.461,1.0
-0.505,0.694,9.462,1.0
-0.5085,0.68975,9.460749999999999,1.0
-0.512,0.6855,9.4595,1.0
-0.5155000000000001,0.68125,9.45825,1.0
-0.519,0.677,9.457,1.0
-0.5225,0.67275,9.45575,1.0
-0.526,0.6685,9.4545,1.0
-0.5295000000000001,0.66425,9.45325,1.0
-0.533,0.66,9.452,1.0
-0.5355000000000001,0.6561250000000001,9.450875,1.0
-0.538,0.65225,9.44975,1.0
-0.5405,0.648375,9.448625,1.0
-0.543,0.6445000000000001,9.4475,1.0
-0.5455000000000001,0.640625,9.446375,1.0
-0.548,0.63675,9.44525,1.0
-0.5505,0.632875,9.444125,1.0
-0.553,0.629,9.443,1.0
-0.558875,0.623,9.433625,1.0
-0.5647500000000001,0.617,9.42425,1.0
-0.570625,0.611,9.414875,1.0
-0.5765,0.605,9.4055,1.0
-0.582375,0.599,9.396125,1.0
-0.5882499999999999,0.593,9.38675,1.0
-0.594125,0.587,9.377375,1.0
-0.6,0.581,9.368,1.0
-0.60575,0.576875,9.357875,1.0
-0.6114999999999999,0.57275,9.347750000000001,1.0
-0.61725,0.5686249999999999,9.337625000000001,1.0
-0.623,0.5645,9.3275,1.0
-0.62875,0.5603750000000001,9.317375,1.0
-0.6345000000000001,0.55625,9.30725,1.0
-0.64025,0.552125,9.297125000000001,1.0
-0.646,0.548,9.287,1.0
-0.6481250000000001,0.5467500000000001,9.27975,1.0
-0.65025,0.5455000000000001,9.2725,1.0
-0.652375,0.54425,9.26525,1.0
-0.6545000000000001,0.543,9.258,1.0
-0.656625,0.5417500000000001,9.25075,1.0
-0.6587500000000001,0.5405,9.2435,1.0
-0.660875,0.53925,9.23625,1.0
-0.663,0.538,9.229,1.0
-0.6707500000000001,0.538625,9.21225,1.0
-0.6785,0.53925,9.1955,1.0
-0.68625,0.539875,9.178749999999999,1.0
-0.694,0.5405,9.161999999999999,1.0
-0.70175,0.5411250000000001,9.14525,1.0
-0.7095,0.5417500000000001,9.1285,1.0
-0.7172499999999999,0.542375,9.11175,1.0
-0.725,0.543,9.095,1.0
-0.73125,0.54,9.077625000000001,1.0
-0.7375,0.537,9.06025,1.0
-0.74375,0.534,9.042875,1.0
-0.75,0.531,9.025500000000001,1.0
-0.75625,0.528,9.008125,1.0
-0.7625,0.525,8.99075,1.0
-0.76875,0.522,8.973374999999999,1.0
-0.775,0.519,8.956,1.0
-0.7741250000000001,0.52025,8.947125,1.0
-0.77325,0.5215000000000001,8.93825,1.0
-0.772375,0.52275,8.929375,1.0
-0.7715000000000001,0.524,8.9205,1.0
-0.770625,0.52525,8.911624999999999,1.0
-0.76975,0.5265,8.90275,1.0
-0.768875,0.52775,8.893875,1.0
-0.768,0.529,8.885,1.0
-0.767375,0.529875,8.86725,1.0
-0.76675,0.53075,8.849499999999999,1.0
-0.7661250000000001,0.531625,8.83175,1.0
-0.7655000000000001,0.5325,8.814,1.0
-0.764875,0.533375,8.79625,1.0
-0.76425,0.53425,8.778500000000001,1.0
-0.763625,0.5351250000000001,8.76075,1.0
-0.763,0.536,8.743,1.0
-0.751375,0.535625,8.719125,1.0
-0.73975,0.53525,8.69525,1.0
-0.728125,0.534875,8.671375,1.0
-0.7165,0.5345,8.6475,1.0
-0.704875,0.5341250000000001,8.623625,1.0
-0.69325,0.5337500000000001,8.59975,1.0
-0.681625,0.533375,8.575875,1.0
-0.67,0.533,8.552,1.0
-0.6687500000000001,0.5327500000000001,8.54275,1.0
-0.6675,0.5325,8.5335,1.0
-0.66625,0.53225,8.52425,1.0
-0.665,0.532,8.515,1.0
-0.6637500000000001,0.5317500000000001,8.505749999999999,1.0
-0.6625000000000001,0.5315000000000001,8.4965,1.0
-0.66125,0.53125,8.48725,1.0
-0.66,0.531,8.478,1.0
-0.658,0.53125,8.471125,1.0
-0.656,0.5315000000000001,8.46425,1.0
-0.654,0.5317500000000001,8.457374999999999,1.0
-0.652,0.532,8.4505,1.0
-0.65,0.53225,8.443625,1.0
-0.648,0.5325,8.43675,1.0
-0.646,0.5327500000000001,8.429875,1.0
-0.644,0.533,8.423,1.0
-0.638,0.533625,8.410625,1.0
-0.632,0.53425,8.39825,1.0
-0.626,0.534875,8.385875,1.0
-0.62,0.5355000000000001,8.3735,1.0
-0.614,0.5361250000000001,8.361125,1.0
-0.608,0.5367500000000001,8.348749999999999,1.0
-0.602,0.537375,8.336375,1.0
-0.596,0.538,8.324,1.0
-0.5938749999999999,0.5365,8.318125,1.0
-0.59175,0.535,8.312249999999999,1.0
-0.589625,0.5335000000000001,8.306375,1.0
-0.5874999999999999,0.532,8.3005,1.0
-0.585375,0.5305,8.294625,1.0
-0.5832499999999999,0.529,8.28875,1.0
-0.581125,0.5275000000000001,8.282874999999999,1.0
-0.579,0.526,8.277,1.0
-0.570875,0.526875,8.26825,1.0
-0.56275,0.52775,8.2595,1.0
-0.5546249999999999,0.528625,8.25075,1.0
-0.5465,0.5295000000000001,8.242,1.0
-0.538375,0.530375,8.23325,1.0
-0.53025,0.53125,8.2245,1.0
-0.522125,0.5321250000000001,8.21575,1.0
-0.514,0.533,8.207,1.0
-0.509875,0.5351250000000001,8.196250000000001,1.0
-0.50575,0.53725,8.185500000000001,1.0
-0.501625,0.539375,8.174750000000001,1.0
-0.4975,0.5415000000000001,8.164000000000001,1.0
-0.493375,0.543625,8.15325,1.0
-0.48924999999999996,0.5457500000000001,8.1425,1.0
-0.485125,0.547875,8.13175,1.0
-0.481,0.55,8.121,1.0
-0.47912499999999997,0.550625,8.117375000000001,1.0
-0.47725,0.55125,8.11375,1.0
-0.475375,0.551875,8.110125,1.0
-0.47350000000000003,0.5525,8.1065,1.0
-0.471625,0.5531250000000001,8.102875000000001,1.0
-0.46975,0.5537500000000001,8.099250000000001,1.0
-0.46787500000000004,0.5543750000000001,8.095625,1.0
-0.466,0.555,8.092,1.0
-0.46637500000000004,0.555625,8.086375,1.0
-0.46675,0.55625,8.08075,1.0
-0.467125,0.556875,8.075125,1.0
-0.4675,0.5575000000000001,8.069500000000001,1.0
-0.467875,0.5581250000000001,8.063875000000001,1.0
-0.46825,0.5587500000000001,8.058250000000001,1.0
-0.46862499999999996,0.5593750000000001,8.052625,1.0
-0.469,0.56,8.047,1.0
-0.465375,0.5611250000000001,8.041,1.0
-0.46175,0.56225,8.035,1.0
-0.458125,0.563375,8.029,1.0
-0.4545,0.5645,8.023,1.0
-0.45087499999999997,0.565625,8.017,1.0
-0.44725,0.56675,8.011,1.0
-0.443625,0.5678749999999999,8.004999999999999,1.0
-0.44,0.569,7.999,1.0
-0.44025000000000003,0.5734999999999999,7.995125,1.0
-0.4405,0.578,7.99125,1.0
-0.44075,0.5825,7.987375,1.0
-0.441,0.587,7.983499999999999,1.0
-0.44125000000000003,0.5914999999999999,7.9796249999999995,1.0
-0.4415,0.596,7.97575,1.0
-0.44175,0.6005,7.971875,1.0
-0.442,0.605,7.968,1.0
-0.443,0.605625,7.970625,1.0
-0.444,0.60625,7.97325,1.0
-0.445,0.6068749999999999,7.975875,1.0
-0.446,0.6074999999999999,7.9785,1.0
-0.447,0.608125,7.981125,1.0
-0.448,0.60875,7.98375,1.0
-0.449,0.609375,7.986375,1.0
-0.45,0.61,7.989,1.0
-0.44875,0.61425,7.98875,1.0
-0.4475,0.6185,7.9885,1.0
-0.44625000000000004,0.62275,7.98825,1.0
-0.445,0.627,7.9879999999999995,1.0
-0.44375,0.63125,7.98775,1.0
-0.4425,0.6355,7.9875,1.0
-0.44125000000000003,0.63975,7.98725,1.0
-0.44,0.644,7.987,1.0
-0.43375,0.6425000000000001,7.989625,1.0
-0.4275,0.641,7.99225,1.0
-0.42125,0.6395,7.9948749999999995,1.0
-0.41500000000000004,0.638,7.9975,1.0
-0.40875,0.6365000000000001,8.000124999999999,1.0
-0.4025,0.635,8.002749999999999,1.0
-0.39625,0.6335,8.005374999999999,1.0
-0.39,0.632,8.008,1.0
-0.388125,0.628625,8.011,1.0
-0.38625,0.62525,8.014,1.0
-0.384375,0.621875,8.017,1.0
-0.3825,0.6185,8.02,1.0
-0.380625,0.615125,8.023,1.0
-0.37875000000000003,0.61175,8.026,1.0
-0.376875,0.608375,8.029,1.0
-0.375,0.605,8.032,1.0
-0.370875,0.6028749999999999,8.035875,1.0
-0.36675,0.60075,8.03975,1.0
-0.36262500000000003,0.598625,8.043625,1.0
-0.35850000000000004,0.5965,8.0475,1.0
-0.354375,0.594375,8.051375,1.0
-0.35025,0.5922499999999999,8.055250000000001,1.0
-0.346125,0.590125,8.059125,1.0
-0.342,0.588,8.063,1.0
-0.33775,0.585125,8.069625,1.0
-0.3335,0.5822499999999999,8.07625,1.0
-0.32925000000000004,0.579375,8.082875,1.0
-0.325,0.5765,8.089500000000001,1.0
-0.32075,0.5736249999999999,8.096125,1.0
-0.3165,0.57075,8.10275,1.0
-0.31225,0.5678749999999999,8.109375,1.0
-0.308,0.565,8.116,1.0
-0.308625,0.564,8.11925,1.0
-0.30925,0.563,8.122499999999999,1.0
-0.309875,0.5619999999999999,8.12575,1.0
-0.3105,0.5609999999999999,8.129,1.0
-0.311125,0.56,8.132249999999999,1.0
-0.31174999999999997,0.559,8.1355,1.0
-0.312375,0.558,8.13875,1.0
-0.313,0.557,8.142,1.0
-0.31425000000000003,0.555,8.150125,1.0
-0.3155,0.553,8.158249999999999,1.0
-0.31675,0.551,8.166375,1.0
-0.318,0.549,8.1745,1.0
-0.31925000000000003,0.547,8.182625,1.0
-0.3205,0.545,8.190750000000001,1.0
-0.32175,0.543,8.198875000000001,1.0
-0.323,0.541,8.207,1.0
-0.327125,0.541,8.21325,1.0
-0.33125,0.541,8.2195,1.0
-0.335375,0.541,8.22575,1.0
-0.3395,0.541,8.232,1.0
-0.343625,0.541,8.23825,1.0
-0.34775,0.541,8.2445,1.0
-0.351875,0.541,8.25075,1.0
-0.356,0.541,8.257,1.0
-0.358375,0.541,8.2595,1.0
-0.36075,0.541,8.262,1.0
-0.363125,0.541,8.2645,1.0
-0.3655,0.541,8.267,1.0
-0.367875,0.541,8.269499999999999,1.0
-0.37024999999999997,0.541,8.271999999999998,1.0
-0.372625,0.541,8.2745,1.0
-0.375,0.541,8.277,1.0
-0.381,0.5395000000000001,8.278374999999999,1.0
-0.387,0.538,8.27975,1.0
-0.393,0.5365,8.281125,1.0
-0.399,0.535,8.282499999999999,1.0
-0.40499999999999997,0.5335000000000001,8.283875,1.0
-0.411,0.532,8.28525,1.0
-0.417,0.5305,8.286625,1.0
-0.423,0.529,8.288,1.0
-0.426375,0.531375,8.2895,1.0
-0.42974999999999997,0.5337500000000001,8.291,1.0
-0.433125,0.5361250000000001,8.2925,1.0
-0.4365,0.5385,8.294,1.0
-0.439875,0.540875,8.2955,1.0
-0.44325000000000003,0.54325,8.297,1.0
-0.446625,0.545625,8.2985,1.0
-0.45,0.548,8.3,1.0
-0.45387500000000003,0.5497500000000001,8.298250000000001,1.0
-0.45775,0.5515000000000001,8.2965,1.0
-0.461625,0.55325,8.29475,1.0
-0.4655,0.555,8.293,1.0
-0.469375,0.5567500000000001,8.29125,1.0
-0.47325,0.5585,8.2895,1.0
-0.47712499999999997,0.56025,8.287749999999999,1.0
-0.481,0.562,8.286,1.0
-0.4845,0.562875,8.28425,1.0
-0.488,0.56375,8.282499999999999,1.0
-0.4915,0.564625,8.28075,1.0
-0.495,0.5655,8.279,1.0
-0.4985,0.566375,8.27725,1.0
-0.502,0.56725,8.275500000000001,1.0
-0.5055000000000001,0.568125,8.27375,1.0
-0.509,0.569,8.272,1.0
-0.516,0.571125,8.270125,1.0
-0.523,0.5732499999999999,8.26825,1.0
-0.53,0.575375,8.266375,1.0
-0.5369999999999999,0.5774999999999999,8.2645,1.0
-0.5439999999999999,0.579625,8.262625,1.0
-0.5509999999999999,0.58175,8.26075,1.0
-0.5579999999999999,0.5838749999999999,8.258875,1.0
-0.565,0.586,8.257,1.0
-0.570375,0.58875,8.258,1.0
-0.57575,0.5914999999999999,8.259,1.0
-0.581125,0.59425,8.26,1.0
-0.5865,0.597,8.261,1.0
-0.5918749999999999,0.59975,8.262,1.0
-0.59725,0.6025,8.263,1.0
-0.602625,0.60525,8.264000000000001,1.0
-0.608,0.608,8.265,1.0
-0.61425,0.610375,8.2635,1.0
-0.6205,0.61275,8.262,1.0
-0.62675,0.615125,8.2605,1.0
-0.633,0.6174999999999999,8.259,1.0
-0.63925,0.619875,8.2575,1.0
-0.6455,0.62225,8.256,1.0
-0.65175,0.624625,8.2545,1.0
-0.658,0.627,8.253,1.0
-0.6657500000000001,0.630625,8.252625,1.0
-0.6735,0.63425,8.25225,1.0
-0.68125,0.637875,8.251875,1.0
-0.6890000000000001,0.6415,8.2515,1.0
-0.69675,0.6451250000000001,8.251125,1.0
-0.7045,0.64875,8.25075,1.0
-0.7122499999999999,0.652375,8.250375,1.0
-0.72,0.656,8.25,1.0
-0.7275,0.65625,8.250375,1.0
-0.735,0.6565000000000001,8.25075,1.0
-0.7424999999999999,0.6567500000000001,8.251125,1.0
-0.75,0.657,8.2515,1.0
-0.7575000000000001,0.65725,8.251875,1.0
-0.765,0.6575,8.25225,1.0
-0.7725,0.6577500000000001,8.252625,1.0
-0.78,0.658,8.253,1.0
-0.791625,0.660625,8.258,1.0
-0.80325,0.66325,8.263,1.0
-0.814875,0.665875,8.268,1.0
-0.8265,0.6685000000000001,8.273,1.0
-0.838125,0.6711250000000001,8.277999999999999,1.0
-0.84975,0.6737500000000001,8.283,1.0
-0.861375,0.6763750000000001,8.288,1.0
-0.873,0.679,8.293,1.0
-0.873,0.679,8.293,1.0
-0.873,0.679,8.293,1.0
-0.873,0.679,8.293,1.0
-0.873,0.679,8.293,1.0
-0.873,0.679,8.293,1.0
-0.873,0.679,8.293,1.0
-0.873,0.679,8.293,1.0
-0.873,0.679,8.293,1.0
-0.882,0.679625,8.29875,1.0
-0.891,0.68025,8.304499999999999,1.0
-0.9,0.680875,8.31025,1.0
-0.909,0.6815,8.315999999999999,1.0
-0.9179999999999999,0.6821250000000001,8.32175,1.0
-0.9269999999999999,0.6827500000000001,8.3275,1.0
-0.9359999999999999,0.6833750000000001,8.33325,1.0
-0.945,0.684,8.339,1.0
-0.94775,0.6855,8.342,1.0
-0.9504999999999999,0.687,8.345,1.0
-0.9532499999999999,0.6885,8.348,1.0
-0.956,0.69,8.350999999999999,1.0
-0.95875,0.6915,8.354,1.0
-0.9615,0.693,8.357,1.0
-0.9642499999999999,0.6945,8.36,1.0
-0.967,0.696,8.363,1.0
-0.9708749999999999,0.6966249999999999,8.3705,1.0
-0.97475,0.6972499999999999,8.378,1.0
-0.978625,0.6978749999999999,8.3855,1.0
-0.9824999999999999,0.6984999999999999,8.393,1.0
-0.986375,0.699125,8.4005,1.0
-0.99025,0.69975,8.408,1.0
-0.994125,0.700375,8.4155,1.0
-0.998,0.701,8.423,1.0
-1.001625,0.703375,8.425,1.0
-1.00525,0.70575,8.427,1.0
-1.008875,0.708125,8.429,1.0
-1.0125,0.7104999999999999,8.431000000000001,1.0
-1.016125,0.7128749999999999,8.433,1.0
-1.01975,0.7152499999999999,8.435,1.0
-1.023375,0.717625,8.437,1.0
-1.027,0.72,8.439,1.0
-1.03175,0.722125,8.442875,1.0
-1.0365,0.72425,8.44675,1.0
-1.04125,0.726375,8.450625,1.0
-1.0459999999999998,0.7284999999999999,8.4545,1.0
-1.0507499999999999,0.730625,8.458375,1.0
-1.0554999999999999,0.73275,8.462250000000001,1.0
-1.06025,0.734875,8.466125,1.0
-1.065,0.737,8.47,1.0
-1.068625,0.739625,8.4745,1.0
-1.07225,0.74225,8.479000000000001,1.0
-1.075875,0.744875,8.483500000000001,1.0
-1.0795,0.7475,8.488,1.0
-1.0831250000000001,0.750125,8.4925,1.0
-1.08675,0.75275,8.497,1.0
-1.090375,0.755375,8.5015,1.0
-1.094,0.758,8.506,1.0
-1.0955000000000001,0.761,8.5105,1.0
-1.097,0.764,8.515,1.0
-1.0985,0.767,8.5195,1.0
-1.1,0.77,8.524000000000001,1.0
-1.1015000000000001,0.773,8.5285,1.0
-1.1030000000000002,0.776,8.533,1.0
-1.1045,0.779,8.5375,1.0
-1.106,0.782,8.542,1.0
-1.1026250000000002,0.7817500000000001,8.5465,1.0
-1.09925,0.7815000000000001,8.551,1.0
-1.095875,0.78125,8.5555,1.0
-1.0925,0.781,8.559999999999999,1.0
-1.0891250000000001,0.78075,8.564499999999999,1.0
-1.08575,0.7805,8.568999999999999,1.0
-1.0823749999999999,0.78025,8.5735,1.0
-1.079,0.78,8.578,1.0
-1.079375,0.783625,8.585249999999998,1.0
-1.07975,0.78725,8.5925,1.0
-1.080125,0.790875,8.59975,1.0
-1.0805,0.7945,8.607,1.0
-1.080875,0.7981250000000001,8.614249999999998,1.0
-1.08125,0.8017500000000001,8.6215,1.0
-1.081625,0.8053750000000001,8.62875,1.0
-1.082,0.809,8.636,1.0
-1.08375,0.812875,8.645499999999998,1.0
-1.0855000000000001,0.8167500000000001,8.655,1.0
-1.08725,0.820625,8.6645,1.0
-1.089,0.8245,8.674,1.0
-1.09075,0.828375,8.683499999999999,1.0
-1.0925,0.8322499999999999,8.693,1.0
-1.0942500000000002,0.836125,8.7025,1.0
-1.096,0.84,8.712,1.0
-1.096625,0.837625,8.715625,1.0
-1.09725,0.8352499999999999,8.719249999999999,1.0
-1.0978750000000002,0.8328749999999999,8.722875,1.0
-1.0985,0.8305,8.7265,1.0
-1.099125,0.828125,8.730125,1.0
-1.09975,0.82575,8.73375,1.0
-1.100375,0.823375,8.737375,1.0
-1.101,0.821,8.741,1.0
-1.100375,0.821,8.7485,1.0
-1.09975,0.821,8.756,1.0
-1.099125,0.821,8.7635,1.0
-1.0985,0.821,8.771,1.0
-1.0978750000000002,0.821,8.7785,1.0
-1.09725,0.821,8.786,1.0
-1.096625,0.821,8.7935,1.0
-1.096,0.821,8.801,1.0
-1.0951250000000001,0.818875,8.815375,1.0
-1.0942500000000002,0.81675,8.82975,1.0
-1.093375,0.8146249999999999,8.844125,1.0
-1.0925,0.8125,8.8585,1.0
-1.091625,0.8103750000000001,8.872875,1.0
-1.0907499999999999,0.80825,8.88725,1.0
-1.089875,0.806125,8.901625000000001,1.0
-1.089,0.804,8.916,1.0
-1.088375,0.80225,8.920125,1.0
-1.08775,0.8005,8.92425,1.0
-1.087125,0.7987500000000001,8.928375,1.0
-1.0865,0.797,8.932500000000001,1.0
-1.0858750000000001,0.79525,8.936625,1.0
-1.08525,0.7935000000000001,8.94075,1.0
-1.084625,0.7917500000000001,8.944875,1.0
-1.084,0.79,8.949,1.0
-1.0870000000000002,0.79,8.955375,1.0
-1.09,0.79,8.96175,1.0
-1.093,0.79,8.968125,1.0
-1.096,0.79,8.974499999999999,1.0
-1.0990000000000002,0.79,8.980875,1.0
-1.102,0.79,8.98725,1.0
-1.105,0.79,8.993625,1.0
-1.108,0.79,9.0,1.0
-1.1095000000000002,0.7875000000000001,9.01075,1.0
-1.1110000000000002,0.785,9.0215,1.0
-1.1125,0.7825,9.03225,1.0
-1.114,0.78,9.043,1.0
-1.1155000000000002,0.7775000000000001,9.05375,1.0
-1.117,0.775,9.0645,1.0
-1.1185,0.7725,9.07525,1.0
-1.12,0.77,9.086,1.0
-1.12175,0.767375,9.089,1.0
-1.1235,0.76475,9.092,1.0
-1.12525,0.762125,9.095,1.0
-1.127,0.7595000000000001,9.097999999999999,1.0
-1.12875,0.756875,9.100999999999999,1.0
-1.1305,0.75425,9.104,1.0
-1.13225,0.751625,9.107,1.0
-1.134,0.749,9.11,1.0
-1.13225,0.748125,9.121625,1.0
-1.1305,0.74725,9.13325,1.0
-1.12875,0.746375,9.144874999999999,1.0
-1.127,0.7455,9.1565,1.0
-1.12525,0.744625,9.168125,1.0
-1.1235,0.74375,9.179749999999999,1.0
-1.12175,0.742875,9.191374999999999,1.0
-1.12,0.742,9.203,1.0
-1.114,0.740125,9.207749999999999,1.0
-1.108,0.73825,9.212499999999999,1.0
-1.102,0.736375,9.21725,1.0
-1.096,0.7344999999999999,9.222,1.0
-1.09,0.732625,9.22675,1.0
-1.084,0.73075,9.2315,1.0
-1.078,0.7288749999999999,9.23625,1.0
-1.072,0.727,9.241,1.0
-1.069375,0.726125,9.244,1.0
-1.06675,0.72525,9.247,1.0
-1.064125,0.724375,9.25,1.0
-1.0615,0.7235,9.253,1.0
-1.058875,0.722625,9.256,1.0
-1.05625,0.72175,9.259,1.0
-1.053625,0.7208749999999999,9.262,1.0
-1.051,0.72,9.265,1.0
-1.044375,0.71975,9.264750000000001,1.0
-1.03775,0.7195,9.2645,1.0
-1.0311249999999998,0.71925,9.26425,1.0
-1.0245,0.719,9.264,1.0
-1.017875,0.71875,9.26375,1.0
-1.01125,0.7184999999999999,9.2635,1.0
-1.0046249999999999,0.7182499999999999,9.26325,1.0
-0.998,0.718,9.263,1.0
-0.995,0.718,9.259375,1.0
-0.992,0.718,9.255749999999999,1.0
-0.989,0.718,9.252125,1.0
-0.986,0.718,9.2485,1.0
-0.983,0.718,9.244875,1.0
-0.98,0.718,9.24125,1.0
-0.977,0.718,9.237625,1.0
-0.974,0.718,9.234,1.0
-0.9718749999999999,0.72125,9.232875,1.0
-0.96975,0.7244999999999999,9.23175,1.0
-0.967625,0.72775,9.230625,1.0
-0.9655,0.731,9.2295,1.0
-0.963375,0.73425,9.228375,1.0
-0.9612499999999999,0.7375,9.22725,1.0
-0.959125,0.74075,9.226125,1.0
-0.957,0.744,9.225,1.0
-0.9525,0.74875,9.2265,1.0
-0.948,0.7535000000000001,9.228,1.0
-0.9435,0.75825,9.2295,1.0
-0.9390000000000001,0.763,9.231,1.0
-0.9345,0.76775,9.2325,1.0
-0.93,0.7725,9.234,1.0
-0.9255,0.77725,9.2355,1.0
-0.921,0.782,9.237,1.0
-0.9145000000000001,0.7845,9.23725,1.0
-0.908,0.787,9.2375,1.0
-0.9015,0.7895000000000001,9.23775,1.0
-0.895,0.792,9.238,1.0
-0.8885000000000001,0.7945,9.23825,1.0
-0.882,0.797,9.2385,1.0
-0.8755,0.7995000000000001,9.238750000000001,1.0
-0.869,0.802,9.239,1.0
-0.862625,0.799,9.241375000000001,1.0
-0.85625,0.796,9.24375,1.0
-0.8498749999999999,0.793,9.246125,1.0
-0.8434999999999999,0.79,9.2485,1.0
-0.837125,0.787,9.250875,1.0
-0.83075,0.784,9.25325,1.0
-0.824375,0.781,9.255624999999998,1.0
-0.818,0.778,9.258,1.0
-0.816,0.77825,9.25925,1.0
-0.814,0.7785,9.2605,1.0
-0.8119999999999999,0.77875,9.26175,1.0
-0.81,0.779,9.263,1.0
-0.808,0.77925,9.26425,1.0
-0.806,0.7795000000000001,9.2655,1.0
-0.804,0.77975,9.26675,1.0
-0.802,0.78,9.268,1.0
-0.802875,0.7817500000000001,9.26525,1.0
-0.8037500000000001,0.7835000000000001,9.262500000000001,1.0
-0.804625,0.78525,9.25975,1.0
-0.8055000000000001,0.787,9.257000000000001,1.0
-0.8063750000000001,0.7887500000000001,9.25425,1.0
-0.80725,0.7905,9.2515,1.0
-0.8081250000000001,0.79225,9.248750000000001,1.0
-0.809,0.794,9.246,1.0
-0.8045,0.7955000000000001,9.238875,1.0
-0.8,0.797,9.23175,1.0
-0.7955000000000001,0.7985,9.224625,1.0
-0.791,0.8,9.217500000000001,1.0
-0.7865,0.8015000000000001,9.210375,1.0
-0.782,0.803,9.20325,1.0
-0.7775000000000001,0.8045,9.196125,1.0
-0.773,0.806,9.189,1.0
-0.7691250000000001,0.8075,9.191375,1.0
-0.76525,0.809,9.19375,1.0
-0.761375,0.8105,9.196125,1.0
-0.7575000000000001,0.812,9.1985,1.0
-0.753625,0.8135,9.200875,1.0
-0.74975,0.815,9.20325,1.0
-0.745875,0.8165,9.205625,1.0
-0.742,0.818,9.208,1.0
-0.739625,0.8186249999999999,9.209125,1.0
-0.73725,0.8192499999999999,9.21025,1.0
-0.734875,0.8198749999999999,9.211375,1.0
-0.7324999999999999,0.8205,9.2125,1.0
-0.730125,0.821125,9.213625,1.0
-0.72775,0.82175,9.21475,1.0
-0.725375,0.822375,9.215875,1.0
-0.723,0.823,9.217,1.0
-0.717875,0.8266249999999999,9.219750000000001,1.0
-0.71275,0.8302499999999999,9.2225,1.0
-0.707625,0.8338749999999999,9.22525,1.0
-0.7025,0.8374999999999999,9.228000000000002,1.0
-0.6973750000000001,0.841125,9.23075,1.0
-0.69225,0.84475,9.233500000000001,1.0
-0.687125,0.848375,9.23625,1.0
-0.682,0.852,9.239,1.0
-0.6805000000000001,0.85075,9.241125,1.0
-0.679,0.8494999999999999,9.24325,1.0
-0.6775,0.84825,9.245375000000001,1.0
-0.676,0.847,9.2475,1.0
-0.6745000000000001,0.84575,9.249625,1.0
-0.673,0.8445,9.251750000000001,1.0
-0.6715,0.8432499999999999,9.253875,1.0
-0.67,0.842,9.256,1.0
-0.663375,0.8428749999999999,9.256875,1.0
-0.6567500000000001,0.84375,9.25775,1.0
-0.6501250000000001,0.844625,9.258625,1.0
-0.6435,0.8454999999999999,9.2595,1.0
-0.636875,0.846375,9.260375,1.0
-0.63025,0.84725,9.26125,1.0
-0.623625,0.848125,9.262125,1.0
-0.617,0.849,9.263,1.0
-0.608625,0.85025,9.2645,1.0
-0.60025,0.8514999999999999,9.266,1.0
-0.591875,0.85275,9.2675,1.0
-0.5835,0.854,9.269,1.0
-0.575125,0.85525,9.2705,1.0
-0.5667500000000001,0.8565,9.272,1.0
-0.5583750000000001,0.85775,9.2735,1.0
-0.55,0.859,9.275,1.0
-0.547,0.8574999999999999,9.275875000000001,1.0
-0.544,0.856,9.27675,1.0
-0.541,0.8545,9.277625,1.0
-0.538,0.853,9.278500000000001,1.0
-0.535,0.8514999999999999,9.279375,1.0
-0.532,0.85,9.28025,1.0
-0.529,0.8485,9.281125,1.0
-0.526,0.847,9.282,1.0
-0.5191250000000001,0.8485,9.28625,1.0
-0.51225,0.85,9.2905,1.0
-0.505375,0.8514999999999999,9.29475,1.0
-0.4985,0.853,9.299,1.0
-0.491625,0.8545,9.30325,1.0
-0.48475,0.856,9.307500000000001,1.0
-0.477875,0.8574999999999999,9.31175,1.0
-0.471,0.859,9.316,1.0
-0.46412499999999995,0.85725,9.318000000000001,1.0
-0.45725,0.8554999999999999,9.32,1.0
-0.45037499999999997,0.85375,9.322000000000001,1.0
-0.4435,0.852,9.324000000000002,1.0
-0.436625,0.85025,9.326,1.0
-0.42974999999999997,0.8485,9.328000000000001,1.0
-0.422875,0.84675,9.33,1.0
-0.416,0.845,9.332,1.0
-0.416875,0.8465,9.33,1.0
-0.41774999999999995,0.848,9.328000000000001,1.0
-0.41862499999999997,0.8494999999999999,9.326,1.0
-0.4195,0.851,9.324000000000002,1.0
-0.420375,0.8525,9.322000000000001,1.0
-0.42125,0.854,9.32,1.0
-0.422125,0.8554999999999999,9.318000000000001,1.0
-0.423,0.857,9.316,1.0
-0.4245,0.856625,9.316500000000001,1.0
-0.426,0.85625,9.317,1.0
-0.4275,0.8558749999999999,9.3175,1.0
-0.429,0.8554999999999999,9.318000000000001,1.0
-0.4305,0.855125,9.3185,1.0
-0.432,0.85475,9.319,1.0
-0.4335,0.854375,9.3195,1.0
-0.435,0.854,9.32,1.0
-0.43925,0.854375,9.318,1.0
-0.4435,0.85475,9.316,1.0
-0.44775,0.855125,9.314,1.0
-0.45199999999999996,0.8554999999999999,9.312000000000001,1.0
-0.45625,0.8558749999999999,9.31,1.0
-0.46049999999999996,0.85625,9.308,1.0
-0.46475,0.856625,9.306000000000001,1.0
-0.469,0.857,9.304,1.0
-0.46924999999999994,0.85575,9.304,1.0
-0.4695,0.8545,9.304,1.0
-0.46975,0.85325,9.304,1.0
-0.47,0.852,9.304,1.0
-0.47024999999999995,0.85075,9.304,1.0
-0.4705,0.8494999999999999,9.304,1.0
-0.47075,0.84825,9.304,1.0
-0.471,0.847,9.304,1.0
-0.47162499999999996,0.847,9.303625,1.0
-0.47224999999999995,0.847,9.30325,1.0
-0.472875,0.847,9.302875,1.0
-0.4735,0.847,9.3025,1.0
-0.47412499999999996,0.847,9.302125,1.0
-0.47475,0.847,9.30175,1.0
-0.475375,0.847,9.301375,1.0
-0.476,0.847,9.301,1.0
-0.48012499999999997,0.84675,9.3025,1.0
-0.48424999999999996,0.8465,9.304,1.0
-0.488375,0.84625,9.3055,1.0
-0.4925,0.846,9.307,1.0
-0.496625,0.84575,9.3085,1.0
-0.50075,0.8454999999999999,9.31,1.0
-0.504875,0.84525,9.3115,1.0
-0.509,0.845,9.313,1.0
-0.507875,0.845,9.313,1.0
-0.50675,0.845,9.313,1.0
-0.505625,0.845,9.313,1.0
-0.5045,0.845,9.313,1.0
-0.503375,0.845,9.313,1.0
-0.50225,0.845,9.313,1.0
-0.501125,0.845,9.313,1.0
-0.5,0.845,9.313,1.0
-0.49724999999999997,0.8405,9.316,1.0
-0.4945,0.836,9.319,1.0
-0.49175,0.8315,9.322000000000001,1.0
-0.489,0.827,9.325,1.0
-0.48624999999999996,0.8225,9.328,1.0
-0.4835,0.8180000000000001,9.331,1.0
-0.48075,0.8135,9.334,1.0
-0.478,0.809,9.337,1.0
-0.472,0.806625,9.340875,1.0
-0.46599999999999997,0.80425,9.34475,1.0
-0.45999999999999996,0.801875,9.348625,1.0
-0.45399999999999996,0.7995000000000001,9.3525,1.0
-0.448,0.7971250000000001,9.356375,1.0
-0.442,0.7947500000000001,9.36025,1.0
-0.436,0.792375,9.364125,1.0
-0.43,0.79,9.368,1.0
-0.426125,0.7917500000000001,9.3675,1.0
-0.42225,0.7935000000000001,9.367,1.0
-0.418375,0.79525,9.3665,1.0
-0.4145,0.797,9.366,1.0
-0.410625,0.7987500000000001,9.3655,1.0
-0.40675,0.8005,9.365,1.0
-0.40287500000000004,0.80225,9.364500000000001,1.0
-0.399,0.804,9.364,1.0
-0.39337500000000003,0.804875,9.36725,1.0
-0.38775000000000004,0.8057500000000001,9.3705,1.0
-0.382125,0.806625,9.373750000000001,1.0
-0.3765,0.8075000000000001,9.377,1.0
-0.370875,0.8083750000000001,9.38025,1.0
-0.36524999999999996,0.80925,9.383500000000002,1.0
-0.359625,0.8101250000000001,9.386750000000001,1.0
-0.354,0.811,9.39,1.0
-0.3495,0.8155,9.389125,1.0
-0.345,0.8200000000000001,9.38825,1.0
-0.34049999999999997,0.8245,9.387375,1.0
-0.33599999999999997,0.829,9.3865,1.0
-0.3315,0.8335,9.385625,1.0
-0.327,0.838,9.38475,1.0
-0.3225,0.8425,9.383875,1.0
-0.318,0.847,9.383,1.0
-0.320125,0.84675,9.379375,1.0
-0.32225000000000004,0.8465,9.37575,1.0
-0.324375,0.84625,9.372124999999999,1.0
-0.3265,0.846,9.3685,1.0
-0.328625,0.84575,9.364875,1.0
-0.33075,0.8454999999999999,9.361249999999998,1.0
-0.33287500000000003,0.84525,9.357624999999999,1.0
-0.335,0.845,9.354,1.0
-0.337625,0.844375,9.350124999999998,1.0
-0.34025,0.84375,9.34625,1.0
-0.342875,0.843125,9.342375,1.0
-0.34550000000000003,0.8425,9.3385,1.0
-0.348125,0.8418749999999999,9.334624999999999,1.0
-0.35075,0.8412499999999999,9.33075,1.0
-0.353375,0.840625,9.326875000000001,1.0
-0.356,0.84,9.323,1.0
-0.360875,0.8414999999999999,9.32,1.0
-0.36575,0.843,9.317,1.0
-0.370625,0.8445,9.314,1.0
-0.3755,0.846,9.311,1.0
-0.380375,0.8474999999999999,9.308,1.0
-0.38525,0.849,9.305,1.0
-0.390125,0.8505,9.302,1.0
-0.395,0.852,9.299,1.0
-0.39375000000000004,0.85225,9.298375,1.0
-0.3925,0.8525,9.29775,1.0
-0.39125,0.85275,9.297125,1.0
-0.39,0.853,9.2965,1.0
-0.38875000000000004,0.85325,9.295875,1.0
-0.3875,0.8534999999999999,9.29525,1.0
-0.38625,0.85375,9.294625,1.0
-0.385,0.854,9.294,1.0
-0.38775,0.854625,9.2955,1.0
-0.3905,0.85525,9.297,1.0
-0.39325,0.8558749999999999,9.2985,1.0
-0.396,0.8565,9.3,1.0
-0.39875,0.857125,9.301499999999999,1.0
-0.40149999999999997,0.85775,9.302999999999999,1.0
-0.40425,0.858375,9.304499999999999,1.0
-0.407,0.859,9.306,1.0
-0.404875,0.856625,9.310749999999999,1.0
-0.40275,0.85425,9.3155,1.0
-0.400625,0.8518749999999999,9.32025,1.0
-0.39849999999999997,0.8494999999999999,9.325,1.0
-0.396375,0.847125,9.329749999999999,1.0
-0.39425,0.84475,9.334499999999998,1.0
-0.392125,0.842375,9.33925,1.0
-0.39,0.84,9.344,1.0
-0.392125,0.839125,9.3455,1.0
-0.39425,0.8382499999999999,9.347,1.0
-0.396375,0.837375,9.3485,1.0
-0.39849999999999997,0.8365,9.35,1.0
-0.400625,0.835625,9.3515,1.0
-0.40275,0.83475,9.353,1.0
-0.404875,0.8338749999999999,9.3545,1.0
-0.407,0.833,9.356,1.0
-0.40599999999999997,0.832125,9.35725,1.0
-0.40499999999999997,0.8312499999999999,9.3585,1.0
-0.40399999999999997,0.830375,9.35975,1.0
-0.403,0.8294999999999999,9.361,1.0
-0.402,0.828625,9.36225,1.0
-0.401,0.82775,9.3635,1.0
-0.4,0.8268749999999999,9.364749999999999,1.0
-0.399,0.826,9.366,1.0
-0.40925,0.828,9.363,1.0
-0.4195,0.83,9.36,1.0
-0.42975,0.832,9.357,1.0
-0.44,0.834,9.354,1.0
-0.45025,0.836,9.351,1.0
-0.4605,0.838,9.348,1.0
-0.47075,0.84,9.345,1.0
-0.481,0.842,9.342,1.0
-0.481,0.842,9.342,1.0
-0.481,0.842,9.342,1.0
-0.481,0.842,9.342,1.0
-0.481,0.842,9.342,1.0
-0.481,0.842,9.342,1.0
-0.481,0.842,9.342,1.0
-0.481,0.842,9.342,1.0
-0.481,0.842,9.342,1.0
-0.4845,0.842375,9.33925,1.0
-0.488,0.84275,9.336500000000001,1.0
-0.4915,0.843125,9.33375,1.0
-0.495,0.8434999999999999,9.331,1.0
-0.4985,0.8438749999999999,9.32825,1.0
-0.502,0.84425,9.3255,1.0
-0.5055000000000001,0.844625,9.322750000000001,1.0
-0.509,0.845,9.32,1.0
-0.512,0.8485,9.321875,1.0
-0.515,0.852,9.32375,1.0
-0.518,0.8554999999999999,9.325625,1.0
-0.521,0.859,9.3275,1.0
-0.524,0.8625,9.329375,1.0
-0.527,0.866,9.33125,1.0
-0.53,0.8694999999999999,9.333125,1.0
-0.533,0.873,9.335,1.0
-0.5345,0.875125,9.338625,1.0
-0.536,0.87725,9.34225,1.0
-0.5375000000000001,0.879375,9.345875000000001,1.0
-0.539,0.8815,9.3495,1.0
-0.5405,0.883625,9.353125,1.0
-0.542,0.88575,9.356750000000002,1.0
-0.5435000000000001,0.887875,9.360375000000001,1.0
-0.545,0.89,9.364,1.0
-0.5441250000000001,0.8921250000000001,9.366000000000001,1.0
-0.54325,0.89425,9.368,1.0
-0.542375,0.896375,9.370000000000001,1.0
-0.5415000000000001,0.8985000000000001,9.372,1.0
-0.540625,0.900625,9.374,1.0
-0.5397500000000001,0.90275,9.376000000000001,1.0
-0.538875,0.904875,9.378,1.0
-0.538,0.907,9.38,1.0
-0.538375,0.907875,9.384250000000002,1.0
-0.5387500000000001,0.9087500000000001,9.3885,1.0
-0.5391250000000001,0.909625,9.39275,1.0
-0.5395000000000001,0.9105000000000001,9.397,1.0
-0.539875,0.911375,9.401250000000001,1.0
-0.54025,0.91225,9.4055,1.0
-0.540625,0.9131250000000001,9.409749999999999,1.0
-0.541,0.914,9.414,1.0
-0.537,0.9157500000000001,9.411875,1.0
-0.533,0.9175,9.409749999999999,1.0
-0.529,0.91925,9.407625,1.0
-0.525,0.921,9.4055,1.0
-0.521,0.9227500000000001,9.403375,1.0
-0.517,0.9245000000000001,9.401250000000001,1.0
-0.513,0.92625,9.399125,1.0
-0.509,0.928,9.397,1.0
-0.512375,0.928625,9.397875,1.0
-0.51575,0.92925,9.39875,1.0
-0.5191250000000001,0.929875,9.399625,1.0
-0.5225,0.9305000000000001,9.400500000000001,1.0
-0.525875,0.9311250000000001,9.401375,1.0
-0.52925,0.9317500000000001,9.40225,1.0
-0.532625,0.9323750000000001,9.403125,1.0
-0.536,0.933,9.404,1.0
-0.541375,0.936625,9.3995,1.0
-0.5467500000000001,0.94025,9.395,1.0
-0.552125,0.943875,9.3905,1.0
-0.5575,0.9475,9.386,1.0
-0.562875,0.951125,9.3815,1.0
-0.5682499999999999,0.95475,9.377,1.0
-0.5736249999999999,0.958375,9.3725,1.0
-0.579,0.962,9.368,1.0
-0.584375,0.9635,9.3665,1.0
-0.58975,0.965,9.365,1.0
-0.595125,0.9664999999999999,9.3635,1.0
-0.6005,0.968,9.362,1.0
-0.6058749999999999,0.9695,9.3605,1.0
-0.61125,0.971,9.359,1.0
-0.616625,0.9724999999999999,9.3575,1.0
-0.622,0.974,9.356,1.0
-0.624375,0.977625,9.356625,1.0
-0.62675,0.98125,9.35725,1.0
-0.629125,0.984875,9.357875,1.0
-0.6315,0.9884999999999999,9.3585,1.0
-0.633875,0.9921249999999999,9.359125,1.0
-0.63625,0.9957499999999999,9.35975,1.0
-0.638625,0.9993749999999999,9.360375000000001,1.0
-0.641,1.003,9.361,1.0
-0.642875,1.0047499999999998,9.36525,1.0
-0.64475,1.0065,9.3695,1.0
-0.646625,1.0082499999999999,9.373750000000001,1.0
-0.6485000000000001,1.0099999999999998,9.378,1.0
-0.650375,1.01175,9.382249999999999,1.0
-0.65225,1.0134999999999998,9.3865,1.0
-0.6541250000000001,1.01525,9.39075,1.0
-0.656,1.017,9.395,1.0
-0.6545000000000001,1.01575,9.398249999999999,1.0
-0.653,1.0145,9.401499999999999,1.0
-0.6515,1.01325,9.40475,1.0
-0.65,1.012,9.408,1.0
-0.6485000000000001,1.0107499999999998,9.411249999999999,1.0
-0.647,1.0094999999999998,9.4145,1.0
-0.6455,1.0082499999999999,9.41775,1.0
-0.644,1.007,9.421,1.0
-0.643,1.0058749999999999,9.421624999999999,1.0
-0.642,1.00475,9.42225,1.0
-0.641,1.003625,9.422875,1.0
-0.64,1.0025,9.4235,1.0
-0.639,1.001375,9.424125,1.0
-0.638,1.0002499999999999,9.42475,1.0
-0.637,0.999125,9.425375,1.0
-0.636,0.998,9.426,1.0
-0.6345000000000001,0.9964999999999999,9.429875000000001,1.0
-0.633,0.995,9.43375,1.0
-0.6315,0.9935,9.437625,1.0
-0.63,0.992,9.441500000000001,1.0
-0.6285000000000001,0.9904999999999999,9.445375,1.0
-0.627,0.989,9.449250000000001,1.0
-0.6255,0.9875,9.453125,1.0
-0.624,0.986,9.457,1.0
-0.61925,0.9875,9.457875000000001,1.0
-0.6145,0.989,9.45875,1.0
-0.60975,0.9904999999999999,9.459625,1.0
-0.605,0.992,9.4605,1.0
-0.60025,0.9935,9.461375,1.0
-0.5954999999999999,0.995,9.462250000000001,1.0
-0.59075,0.9964999999999999,9.463125,1.0
-0.586,0.998,9.464,1.0
-0.578875,0.998,9.466750000000001,1.0
-0.57175,0.998,9.4695,1.0
-0.5646249999999999,0.998,9.47225,1.0
-0.5575,0.998,9.475000000000001,1.0
-0.5503750000000001,0.998,9.47775,1.0
-0.54325,0.998,9.480500000000001,1.0
-0.536125,0.998,9.48325,1.0
-0.529,0.998,9.486,1.0
-0.526,1.000375,9.492,1.0
-0.523,1.00275,9.498000000000001,1.0
-0.52,1.005125,9.504000000000001,1.0
-0.517,1.0074999999999998,9.510000000000002,1.0
-0.514,1.0098749999999999,9.516,1.0
-0.511,1.0122499999999999,9.522,1.0
-0.508,1.0146249999999999,9.528,1.0
-0.505,1.017,9.534,1.0
-0.504375,1.0154999999999998,9.536875,1.0
-0.50375,1.0139999999999998,9.539750000000002,1.0
-0.503125,1.0125,9.542625000000001,1.0
-0.5025,1.011,9.5455,1.0
-0.501875,1.0094999999999998,9.548375,1.0
-0.50125,1.008,9.55125,1.0
-0.500625,1.0065,9.554125,1.0
-0.5,1.005,9.557,1.0
-0.505375,1.004375,9.552875,1.0
-0.51075,1.00375,9.54875,1.0
-0.5161250000000001,1.0031249999999998,9.544625,1.0
-0.5215000000000001,1.0025,9.5405,1.0
-0.526875,1.001875,9.536375,1.0
-0.53225,1.00125,9.53225,1.0
-0.537625,1.0006249999999999,9.528125,1.0
-0.543,1.0,9.524,1.0
-0.5457500000000001,1.00275,9.522499999999999,1.0
-0.5485,1.0055,9.520999999999999,1.0
-0.55125,1.00825,9.519499999999999,1.0
-0.554,1.0110000000000001,9.518,1.0
-0.55675,1.01375,9.5165,1.0
-0.5595,1.0165,9.515,1.0
-0.5622499999999999,1.01925,9.5135,1.0
-0.565,1.022,9.512,1.0
-0.567375,1.022,9.508125,1.0
-0.56975,1.022,9.50425,1.0
-0.572125,1.022,9.500375,1.0
-0.5745,1.022,9.496500000000001,1.0
-0.5768749999999999,1.022,9.492625,1.0
-0.5792499999999999,1.022,9.48875,1.0
-0.581625,1.022,9.484875,1.0
-0.584,1.022,9.481,1.0
-0.584,1.0226250000000001,9.4855,1.0
-0.584,1.02325,9.49,1.0
-0.584,1.0238749999999999,9.4945,1.0
-0.584,1.0245,9.498999999999999,1.0
-0.584,1.025125,9.503499999999999,1.0
-0.584,1.02575,9.508,1.0
-0.584,1.0263749999999998,9.5125,1.0
-0.584,1.027,9.517,1.0
-0.581,1.026625,9.519375,1.0
-0.578,1.0262499999999999,9.521749999999999,1.0
-0.575,1.0258749999999999,9.524125,1.0
-0.5720000000000001,1.0255,9.526499999999999,1.0
-0.5690000000000001,1.025125,9.528875,1.0
-0.5660000000000001,1.02475,9.53125,1.0
-0.5630000000000001,1.024375,9.533624999999999,1.0
-0.56,1.024,9.536,1.0
-0.5533750000000001,1.022875,9.541625,1.0
-0.5467500000000001,1.02175,9.54725,1.0
-0.5401250000000001,1.020625,9.552875,1.0
-0.5335000000000001,1.0194999999999999,9.558499999999999,1.0
-0.526875,1.018375,9.564124999999999,1.0
-0.52025,1.01725,9.569749999999999,1.0
-0.513625,1.016125,9.575375,1.0
-0.507,1.015,9.581,1.0
-0.503125,1.017625,9.585875,1.0
-0.49924999999999997,1.0202499999999999,9.59075,1.0
-0.495375,1.022875,9.595625,1.0
-0.4915,1.0255,9.6005,1.0
-0.487625,1.028125,9.605374999999999,1.0
-0.48375,1.03075,9.610249999999999,1.0
-0.479875,1.033375,9.615124999999999,1.0
-0.476,1.036,9.62,1.0
-0.475375,1.036,9.620875,1.0
-0.47475,1.036,9.621749999999999,1.0
-0.47412499999999996,1.036,9.622625,1.0
-0.4735,1.036,9.6235,1.0
-0.472875,1.036,9.624375,1.0
-0.47224999999999995,1.036,9.625250000000001,1.0
-0.47162499999999996,1.036,9.626125,1.0
-0.471,1.036,9.627,1.0
-0.47162499999999996,1.037875,9.624,1.0
-0.47224999999999995,1.03975,9.621,1.0
-0.472875,1.041625,9.618,1.0
-0.4735,1.0434999999999999,9.615,1.0
-0.47412499999999996,1.045375,9.612,1.0
-0.47475,1.04725,9.609,1.0
-0.475375,1.0491249999999999,9.606,1.0
-0.476,1.051,9.603,1.0
-0.4775,1.05125,9.602125,1.0
-0.479,1.0514999999999999,9.60125,1.0
-0.4805,1.05175,9.600375,1.0
-0.482,1.052,9.599499999999999,1.0
-0.4835,1.05225,9.598625,1.0
-0.485,1.0525,9.59775,1.0
-0.4865,1.0527499999999999,9.596875,1.0
-0.488,1.053,9.596,1.0
-0.496125,1.05575,9.596,1.0
-0.50425,1.0585,9.596,1.0
-0.512375,1.06125,9.596,1.0
-0.5205,1.064,9.596,1.0
-0.528625,1.0667499999999999,9.596,1.0
-0.5367500000000001,1.0695,9.596,1.0
-0.544875,1.07225,9.596,1.0
-0.553,1.075,9.596,1.0
-0.553,1.075,9.596,1.0
-0.553,1.075,9.596,1.0
-0.553,1.075,9.596,1.0
-0.553,1.075,9.596,1.0
-0.553,1.075,9.596,1.0
-0.553,1.075,9.596,1.0
-0.553,1.075,9.596,1.0
-0.553,1.075,9.596,1.0
-0.5571250000000001,1.077875,9.598125,1.0
-0.56125,1.08075,9.600249999999999,1.0
-0.565375,1.083625,9.602375,1.0
-0.5695,1.0865,9.6045,1.0
-0.573625,1.089375,9.606625,1.0
-0.57775,1.09225,9.60875,1.0
-0.5818749999999999,1.0951250000000001,9.610875,1.0
-0.586,1.098,9.613,1.0
-0.5842499999999999,1.098,9.617375,1.0
-0.5825,1.098,9.621749999999999,1.0
-0.58075,1.098,9.626125,1.0
-0.579,1.098,9.6305,1.0
-0.5772499999999999,1.098,9.634875,1.0
-0.5754999999999999,1.098,9.63925,1.0
-0.57375,1.098,9.643625,1.0
-0.572,1.098,9.648,1.0
-0.5705,1.0986250000000002,9.653125,1.0
-0.569,1.09925,9.658249999999999,1.0
-0.5675,1.099875,9.663375,1.0
-0.5660000000000001,1.1005,9.6685,1.0
-0.5645,1.1011250000000001,9.673625,1.0
-0.5630000000000001,1.10175,9.67875,1.0
-0.5615,1.1023749999999999,9.683875,1.0
-0.56,1.103,9.689,1.0
-0.554,1.103375,9.694125,1.0
-0.548,1.10375,9.69925,1.0
-0.542,1.104125,9.704375,1.0
-0.536,1.1045,9.7095,1.0
-0.53,1.104875,9.714625,1.0
-0.524,1.10525,9.719750000000001,1.0
-0.518,1.105625,9.724875,1.0
-0.512,1.106,9.73,1.0
-0.509,1.10775,9.733875000000001,1.0
-0.506,1.1095000000000002,9.73775,1.0
-0.503,1.11125,9.741624999999999,1.0
-0.5,1.113,9.7455,1.0
-0.497,1.1147500000000001,9.749375,1.0
-0.494,1.1165,9.75325,1.0
-0.491,1.1182500000000002,9.757124999999998,1.0
-0.488,1.12,9.761,1.0
-0.48624999999999996,1.1191250000000001,9.7655,1.0
-0.4845,1.1182500000000002,9.77,1.0
-0.48275,1.117375,9.7745,1.0
-0.481,1.1165,9.779,1.0
-0.47924999999999995,1.115625,9.7835,1.0
-0.4775,1.11475,9.788,1.0
-0.47575,1.113875,9.7925,1.0
-0.474,1.113,9.797,1.0
-0.47812499999999997,1.116875,9.797875000000001,1.0
-0.48224999999999996,1.12075,9.79875,1.0
-0.486375,1.124625,9.799625,1.0
-0.4905,1.1284999999999998,9.8005,1.0
-0.494625,1.132375,9.801375,1.0
-0.49875,1.13625,9.80225,1.0
-0.502875,1.1401249999999998,9.803125,1.0
-0.507,1.144,9.804,1.0
-0.512125,1.146375,9.80375,1.0
-0.51725,1.14875,9.8035,1.0
-0.522375,1.151125,9.80325,1.0
-0.5275000000000001,1.1535,9.803,1.0
-0.532625,1.155875,9.80275,1.0
-0.5377500000000001,1.15825,9.8025,1.0
-0.542875,1.160625,9.802249999999999,1.0
-0.548,1.163,9.802,1.0
-0.5533750000000001,1.162125,9.802,1.0
-0.5587500000000001,1.16125,9.802,1.0
-0.564125,1.160375,9.802,1.0
-0.5695,1.1595,9.802,1.0
-0.574875,1.158625,9.802,1.0
-0.5802499999999999,1.15775,9.802,1.0
-0.585625,1.1568749999999999,9.802,1.0
-0.591,1.156,9.802,1.0
-0.5918749999999999,1.159625,9.802875,1.0
-0.59275,1.16325,9.803749999999999,1.0
-0.593625,1.1668749999999999,9.804625,1.0
-0.5945,1.1705,9.805499999999999,1.0
-0.595375,1.174125,9.806375,1.0
-0.59625,1.17775,9.80725,1.0
-0.597125,1.181375,9.808124999999999,1.0
-0.598,1.185,9.809,1.0
-0.5938749999999999,1.186125,9.812624999999999,1.0
-0.58975,1.1872500000000001,9.81625,1.0
-0.585625,1.188375,9.819875,1.0
-0.5814999999999999,1.1895,9.8235,1.0
-0.577375,1.190625,9.827124999999999,1.0
-0.5732499999999999,1.1917499999999999,9.830749999999998,1.0
-0.569125,1.192875,9.834375,1.0
-0.565,1.194,9.838,1.0
-0.5622499999999999,1.194,9.839749999999999,1.0
-0.5595,1.194,9.8415,1.0
-0.55675,1.194,9.84325,1.0
-0.554,1.194,9.844999999999999,1.0
-0.55125,1.194,9.84675,1.0
-0.5485,1.194,9.8485,1.0
-0.5457500000000001,1.194,9.85025,1.0
-0.543,1.194,9.852,1.0
-0.532875,1.1909999999999998,9.856125,1.0
-0.52275,1.188,9.86025,1.0
-0.512625,1.185,9.864375,1.0
-0.5025000000000001,1.182,9.868500000000001,1.0
-0.492375,1.1789999999999998,9.872625,1.0
-0.48225,1.176,9.87675,1.0
-0.472125,1.173,9.880875,1.0
-0.462,1.17,9.885,1.0
-0.453625,1.1637499999999998,9.885375,1.0
-0.44525000000000003,1.1575,9.88575,1.0
-0.436875,1.15125,9.886125,1.0
-0.4285,1.145,9.8865,1.0
-0.420125,1.13875,9.886875,1.0
-0.41175,1.1325,9.88725,1.0
-0.40337500000000004,1.1262500000000002,9.887625,1.0
-0.395,1.12,9.888,1.0
-0.3905,1.116125,9.888,1.0
-0.386,1.11225,9.888,1.0
-0.3815,1.108375,9.888,1.0
-0.377,1.1045,9.888,1.0
-0.3725,1.100625,9.888,1.0
-0.368,1.0967500000000001,9.888,1.0
-0.3635,1.092875,9.888,1.0
-0.359,1.089,9.888,1.0
-0.35412499999999997,1.082125,9.888,1.0
-0.34925,1.07525,9.888,1.0
-0.344375,1.068375,9.888,1.0
-0.3395,1.0615,9.888,1.0
-0.334625,1.054625,9.888,1.0
-0.32975,1.04775,9.888,1.0
-0.324875,1.040875,9.888,1.0
-0.32,1.034,9.888,1.0
-0.3185,1.02975,9.887375,1.0
-0.317,1.0255,9.88675,1.0
-0.3155,1.02125,9.886125,1.0
-0.314,1.017,9.8855,1.0
-0.3125,1.01275,9.884875,1.0
-0.311,1.0085,9.88425,1.0
-0.3095,1.00425,9.883624999999999,1.0
-0.308,1.0,9.883,1.0
-0.3095,0.997625,9.881749999999998,1.0
-0.311,0.99525,9.8805,1.0
-0.3125,0.992875,9.879249999999999,1.0
-0.314,0.9904999999999999,9.878,1.0
-0.3155,0.988125,9.87675,1.0
-0.317,0.98575,9.875499999999999,1.0
-0.3185,0.983375,9.87425,1.0
-0.32,0.981,9.873,1.0
-0.32275,0.975375,9.866125,1.0
-0.3255,0.96975,9.85925,1.0
-0.32825000000000004,0.964125,9.852374999999999,1.0
-0.331,0.9585,9.8455,1.0
-0.33375,0.952875,9.838625,1.0
-0.3365,0.94725,9.83175,1.0
-0.33925000000000005,0.941625,9.824874999999999,1.0
-0.342,0.936,9.818,1.0
-0.33925000000000005,0.936,9.812625,1.0
-0.3365,0.936,9.80725,1.0
-0.33375,0.936,9.801874999999999,1.0
-0.331,0.936,9.7965,1.0
-0.32825000000000004,0.936,9.791125000000001,1.0
-0.3255,0.936,9.78575,1.0
-0.32275,0.936,9.780375,1.0
-0.32,0.936,9.775,1.0
-0.3195,0.933875,9.7745,1.0
-0.319,0.9317500000000001,9.774000000000001,1.0
-0.3185,0.929625,9.7735,1.0
-0.318,0.9275,9.773,1.0
-0.3175,0.9253750000000001,9.7725,1.0
-0.317,0.92325,9.772,1.0
-0.3165,0.9211250000000001,9.771500000000001,1.0
-0.316,0.919,9.771,1.0
-0.3145,0.9151250000000001,9.76825,1.0
-0.313,0.91125,9.765500000000001,1.0
-0.3115,0.907375,9.76275,1.0
-0.31,0.9035,9.760000000000002,1.0
-0.3085,0.899625,9.75725,1.0
-0.307,0.89575,9.7545,1.0
-0.3055,0.891875,9.751750000000001,1.0
-0.304,0.888,9.749,1.0
-0.303625,0.885875,9.746625,1.0
-0.30325,0.88375,9.744250000000001,1.0
-0.302875,0.881625,9.741875,1.0
-0.3025,0.8795,9.7395,1.0
-0.302125,0.877375,9.737125,1.0
-0.30174999999999996,0.87525,9.73475,1.0
-0.301375,0.873125,9.732375000000001,1.0
-0.301,0.871,9.73,1.0
-0.301375,0.867375,9.729125,1.0
-0.30174999999999996,0.86375,9.728250000000001,1.0
-0.302125,0.860125,9.727375,1.0
-0.3025,0.8565,9.726500000000001,1.0
-0.302875,0.8528749999999999,9.725625,1.0
-0.30325,0.84925,9.72475,1.0
-0.303625,0.845625,9.723875000000001,1.0
-0.304,0.842,9.723,1.0
-0.3055,0.8405,9.718125,1.0
-0.307,0.839,9.71325,1.0
-0.3085,0.8374999999999999,9.708375,1.0
-0.31,0.836,9.7035,1.0
-0.3115,0.8345,9.698625,1.0
-0.313,0.833,9.69375,1.0
-0.3145,0.8314999999999999,9.688875,1.0
-0.316,0.83,9.684,1.0
-0.31775,0.83,9.681,1.0
-0.3195,0.83,9.677999999999999,1.0
-0.32125000000000004,0.83,9.674999999999999,1.0
-0.323,0.83,9.672,1.0
-0.32475,0.83,9.669,1.0
-0.3265,0.83,9.666,1.0
-0.32825000000000004,0.83,9.663,1.0
-0.33,0.83,9.66,1.0
-0.330625,0.8308749999999999,9.657625,1.0
-0.33125000000000004,0.83175,9.65525,1.0
-0.33187500000000003,0.832625,9.652875,1.0
-0.3325,0.8334999999999999,9.650500000000001,1.0
-0.333125,0.834375,9.648125,1.0
-0.33375,0.8352499999999999,9.64575,1.0
-0.33437500000000003,0.836125,9.643375,1.0
-0.335,0.837,9.641,1.0
-0.336125,0.84,9.636875,1.0
-0.33725,0.843,9.63275,1.0
-0.338375,0.846,9.628625,1.0
-0.3395,0.849,9.624500000000001,1.0
-0.340625,0.852,9.620375000000001,1.0
-0.34175,0.855,9.61625,1.0
-0.342875,0.858,9.612125,1.0
-0.344,0.861,9.608,1.0
-0.347875,0.86225,9.606125,1.0
-0.35175,0.8634999999999999,9.60425,1.0
-0.35562499999999997,0.86475,9.602375,1.0
-0.3595,0.866,9.6005,1.0
-0.363375,0.86725,9.598625,1.0
-0.36724999999999997,0.8685,9.59675,1.0
-0.371125,0.86975,9.594875,1.0
-0.375,0.871,9.593,1.0
-0.375,0.871,9.5945,1.0
-0.375,0.871,9.596,1.0
-0.375,0.871,9.5975,1.0
-0.375,0.871,9.599,1.0
-0.375,0.871,9.6005,1.0
-0.375,0.871,9.602,1.0
-0.375,0.871,9.6035,1.0
-0.375,0.871,9.605,1.0
-0.3775,0.871,9.604750000000001,1.0
-0.38,0.871,9.6045,1.0
-0.3825,0.871,9.60425,1.0
-0.385,0.871,9.604,1.0
-0.3875,0.871,9.60375,1.0
-0.39,0.871,9.6035,1.0
-0.3925,0.871,9.60325,1.0
-0.395,0.871,9.603,1.0
-0.4,0.873125,9.60275,1.0
-0.405,0.87525,9.6025,1.0
-0.41000000000000003,0.877375,9.60225,1.0
-0.41500000000000004,0.8795,9.602,1.0
-0.42,0.881625,9.601750000000001,1.0
-0.425,0.88375,9.601500000000001,1.0
-0.43,0.885875,9.60125,1.0
-0.435,0.888,9.601,1.0
-0.43925,0.88825,9.60125,1.0
-0.4435,0.8885000000000001,9.601500000000001,1.0
-0.44775,0.88875,9.601750000000001,1.0
-0.45199999999999996,0.889,9.602,1.0
-0.45625,0.88925,9.60225,1.0
-0.46049999999999996,0.8895,9.6025,1.0
-0.46475,0.88975,9.60275,1.0
-0.469,0.89,9.603,1.0
-0.47612499999999996,0.89,9.605375,1.0
-0.48324999999999996,0.89,9.60775,1.0
-0.490375,0.89,9.610125,1.0
-0.4975,0.89,9.6125,1.0
-0.504625,0.89,9.614875,1.0
-0.51175,0.89,9.61725,1.0
-0.518875,0.89,9.619625,1.0
-0.526,0.89,9.622,1.0
-0.534125,0.889375,9.622,1.0
-0.54225,0.88875,9.622,1.0
-0.5503750000000001,0.888125,9.622,1.0
-0.5585,0.8875,9.622,1.0
-0.5666249999999999,0.886875,9.622,1.0
-0.57475,0.88625,9.622,1.0
-0.582875,0.885625,9.622,1.0
-0.591,0.885,9.622,1.0
-0.593625,0.883,9.625,1.0
-0.59625,0.881,9.628,1.0
-0.5988749999999999,0.879,9.631,1.0
-0.6014999999999999,0.877,9.634,1.0
-0.604125,0.875,9.637,1.0
-0.60675,0.873,9.64,1.0
-0.609375,0.871,9.643,1.0
-0.612,0.869,9.646,1.0
-0.612,0.8705,9.64875,1.0
-0.612,0.872,9.6515,1.0
-0.612,0.8734999999999999,9.654250000000001,1.0
-0.612,0.875,9.657,1.0
-0.612,0.8765000000000001,9.659749999999999,1.0
-0.612,0.878,9.6625,1.0
-0.612,0.8795,9.66525,1.0
-0.612,0.881,9.668,1.0
-0.609,0.8815,9.673625,1.0
-0.606,0.882,9.67925,1.0
-0.603,0.8825000000000001,9.684875,1.0
-0.6,0.883,9.6905,1.0
-0.597,0.8835,9.696124999999999,1.0
-0.594,0.884,9.701749999999999,1.0
-0.591,0.8845000000000001,9.707374999999999,1.0
-0.588,0.885,9.713,1.0
-0.582375,0.88325,9.719875,1.0
-0.57675,0.8815,9.72675,1.0
-0.571125,0.87975,9.733625,1.0
-0.5655,0.878,9.7405,1.0
-0.559875,0.87625,9.747375,1.0
-0.55425,0.8745,9.75425,1.0
-0.548625,0.87275,9.761125,1.0
-0.543,0.871,9.768,1.0
-0.5415000000000001,0.871625,9.771,1.0
-0.54,0.87225,9.774000000000001,1.0
-0.5385,0.872875,9.777000000000001,1.0
-0.537,0.8734999999999999,9.780000000000001,1.0
-0.5355000000000001,0.874125,9.783,1.0
-0.534,0.87475,9.786,1.0
-0.5325,0.875375,9.789,1.0
-0.531,0.876,9.792,1.0
-0.531,0.87775,9.791125,1.0
-0.531,0.8795,9.79025,1.0
-0.531,0.88125,9.789375,1.0
-0.531,0.883,9.788499999999999,1.0
-0.531,0.88475,9.787625,1.0
-0.531,0.8865000000000001,9.78675,1.0
-0.531,0.88825,9.785875,1.0
-0.531,0.89,9.785,1.0
-0.53125,0.891875,9.789125,1.0
-0.5315000000000001,0.89375,9.79325,1.0
-0.5317500000000001,0.895625,9.797375,1.0
-0.532,0.8975,9.8015,1.0
-0.53225,0.899375,9.805625,1.0
-0.5325,0.90125,9.80975,1.0
-0.5327500000000001,0.9031250000000001,9.813875,1.0
-0.533,0.905,9.818,1.0
-0.53425,0.9031250000000001,9.818,1.0
-0.5355000000000001,0.90125,9.818,1.0
-0.5367500000000001,0.899375,9.818,1.0
-0.538,0.8975,9.818,1.0
-0.53925,0.895625,9.818,1.0
-0.5405,0.89375,9.818,1.0
-0.5417500000000001,0.891875,9.818,1.0
-0.543,0.89,9.818,1.0
-0.5397500000000001,0.892375,9.824375,1.0
-0.5365,0.89475,9.83075,1.0
-0.53325,0.8971250000000001,9.837125,1.0
-0.53,0.8995,9.843499999999999,1.0
-0.52675,0.901875,9.849874999999999,1.0
-0.5235000000000001,0.90425,9.85625,1.0
-0.52025,0.906625,9.862625,1.0
-0.517,0.909,9.869,1.0
-0.51425,0.91,9.871,1.0
-0.5115000000000001,0.911,9.873,1.0
-0.50875,0.912,9.875,1.0
-0.506,0.913,9.876999999999999,1.0
-0.50325,0.914,9.879,1.0
-0.5005,0.915,9.881,1.0
-0.49775,0.916,9.883,1.0
-0.495,0.917,9.885,1.0
-0.49324999999999997,0.918375,9.885375,1.0
-0.4915,0.9197500000000001,9.88575,1.0
-0.48975,0.9211250000000001,9.886125,1.0
-0.488,0.9225000000000001,9.8865,1.0
-0.48624999999999996,0.923875,9.886875,1.0
-0.4845,0.92525,9.88725,1.0
-0.48275,0.926625,9.887625,1.0
-0.481,0.928,9.888,1.0
-0.48212499999999997,0.9305,9.888,1.0
-0.48324999999999996,0.933,9.888,1.0
-0.484375,0.9355,9.888,1.0
-0.4855,0.938,9.888,1.0
-0.486625,0.9405,9.888,1.0
-0.48775,0.943,9.888,1.0
-0.488875,0.9455,9.888,1.0
-0.49,0.948,9.888,1.0
-0.492375,0.9482499999999999,9.888,1.0
-0.49475,0.9484999999999999,9.888,1.0
-0.497125,0.94875,9.888,1.0
-0.4995,0.949,9.888,1.0
-0.501875,0.9492499999999999,9.888,1.0
-0.50425,0.9495,9.888,1.0
-0.506625,0.94975,9.888,1.0
-0.509,0.95,9.888,1.0
-0.511125,0.949125,9.888,1.0
-0.51325,0.9482499999999999,9.888,1.0
-0.515375,0.947375,9.888,1.0
-0.5175000000000001,0.9464999999999999,9.888,1.0
-0.519625,0.9456249999999999,9.888,1.0
-0.52175,0.94475,9.888,1.0
-0.523875,0.9438749999999999,9.888,1.0
-0.526,0.943,9.888,1.0
-0.530875,0.944125,9.888625,1.0
-0.53575,0.9452499999999999,9.88925,1.0
-0.540625,0.946375,9.889875,1.0
-0.5455,0.9475,9.8905,1.0
-0.550375,0.9486249999999999,9.891125,1.0
-0.55525,0.94975,9.89175,1.0
-0.560125,0.9508749999999999,9.892375000000001,1.0
-0.565,0.952,9.893,1.0
-0.5586249999999999,0.955625,9.90075,1.0
-0.5522499999999999,0.9592499999999999,9.9085,1.0
-0.545875,0.9628749999999999,9.91625,1.0
-0.5395,0.9664999999999999,9.924,1.0
-0.533125,0.970125,9.931750000000001,1.0
-0.52675,0.97375,9.9395,1.0
-0.520375,0.977375,9.94725,1.0
-0.514,0.981,9.955,1.0
-0.514,0.980125,9.960125,1.0
-0.514,0.97925,9.965250000000001,1.0
-0.514,0.978375,9.970375,1.0
-0.514,0.9775,9.9755,1.0
-0.514,0.976625,9.980625,1.0
-0.514,0.97575,9.98575,1.0
-0.514,0.9748749999999999,9.990875,1.0
-0.514,0.974,9.996,1.0
-0.5075000000000001,0.9748749999999999,10.002500000000001,1.0
-0.501,0.97575,10.009,1.0
-0.4945,0.976625,10.0155,1.0
-0.488,0.9775,10.022,1.0
-0.48150000000000004,0.978375,10.028500000000001,1.0
-0.47500000000000003,0.97925,10.035,1.0
-0.4685,0.980125,10.0415,1.0
-0.462,0.981,10.048,1.0
-0.46287500000000004,0.98225,10.046875,1.0
-0.46375,0.9835,10.04575,1.0
-0.464625,0.98475,10.044625,1.0
-0.4655,0.986,10.0435,1.0
-0.466375,0.98725,10.042375,1.0
-0.46725,0.9884999999999999,10.04125,1.0
-0.46812499999999996,0.98975,10.040125,1.0
-0.469,0.991,10.039,1.0
-0.46924999999999994,0.99275,10.0345,1.0
-0.4695,0.9944999999999999,10.03,1.0
-0.46975,0.99625,10.0255,1.0
-0.47,0.998,10.021,1.0
-0.47024999999999995,0.9997499999999999,10.0165,1.0
-0.4705,1.0014999999999998,10.012,1.0
-0.47075,1.00325,10.0075,1.0
-0.471,1.005,10.003,1.0
-0.47224999999999995,1.0082499999999999,9.997,1.0
-0.4735,1.0114999999999998,9.991,1.0
-0.47475,1.0147499999999998,9.985,1.0
-0.476,1.0179999999999998,9.979,1.0
-0.47724999999999995,1.02125,9.973,1.0
-0.4785,1.0245,9.967,1.0
-0.47975,1.02775,9.961,1.0
-0.481,1.031,9.955,1.0
-0.48275,1.0343749999999998,9.95375,1.0
-0.4845,1.03775,9.9525,1.0
-0.48624999999999996,1.041125,9.95125,1.0
-0.488,1.0445,9.95,1.0
-0.48975,1.047875,9.94875,1.0
-0.4915,1.05125,9.9475,1.0
-0.49324999999999997,1.0546250000000001,9.946250000000001,1.0
-0.495,1.058,9.945,1.0
-0.49624999999999997,1.058,9.944125,1.0
-0.4975,1.058,9.94325,1.0
-0.49875,1.058,9.942375,1.0
-0.5,1.058,9.941500000000001,1.0
-0.50125,1.058,9.940625,1.0
-0.5025,1.058,9.93975,1.0
-0.50375,1.058,9.938875000000001,1.0
-0.505,1.058,9.938,1.0
-0.4945,1.057375,9.944875,1.0
-0.484,1.05675,9.95175,1.0
-0.4735,1.056125,9.958625000000001,1.0
-0.46299999999999997,1.0554999999999999,9.9655,1.0
-0.4525,1.054875,9.972375,1.0
-0.442,1.05425,9.97925,1.0
-0.4315,1.053625,9.986125000000001,1.0
-0.421,1.053,9.993,1.0
-0.421,1.053,9.993,1.0
-0.421,1.053,9.993,1.0
-0.421,1.053,9.993,1.0
-0.421,1.053,9.993,1.0
-0.421,1.053,9.993,1.0
-0.421,1.053,9.993,1.0
-0.421,1.053,9.993,1.0
-0.421,1.053,9.993,1.0
-0.41112499999999996,1.0499999999999998,9.998375,1.0
-0.40125,1.047,10.00375,1.0
-0.39137500000000003,1.044,10.009125000000001,1.0
-0.3815,1.041,10.0145,1.0
-0.371625,1.0379999999999998,10.019874999999999,1.0
-0.36175,1.035,10.02525,1.0
-0.35187500000000005,1.032,10.030625,1.0
-0.342,1.029,10.036,1.0
-0.338125,1.0274999999999999,10.038375,1.0
-0.33425000000000005,1.0259999999999998,10.04075,1.0
-0.33037500000000003,1.0245,10.043125,1.0
-0.3265,1.023,10.0455,1.0
-0.322625,1.0214999999999999,10.047875,1.0
-0.31875,1.02,10.05025,1.0
-0.314875,1.0185,10.052624999999999,1.0
-0.311,1.017,10.055,1.0
-0.302625,1.0154999999999998,10.056,1.0
-0.29425,1.0139999999999998,10.057,1.0
-0.285875,1.0125,10.058,1.0
-0.27749999999999997,1.011,10.059000000000001,1.0
-0.269125,1.0094999999999998,10.06,1.0
-0.26075,1.008,10.061,1.0
-0.252375,1.0065,10.062000000000001,1.0
-0.244,1.005,10.063,1.0
-0.238,1.0023749999999998,10.062625,1.0
-0.23199999999999998,0.9997499999999999,10.06225,1.0
-0.226,0.9971249999999999,10.061875,1.0
-0.22,0.9944999999999999,10.0615,1.0
-0.214,0.991875,10.061125,1.0
-0.20800000000000002,0.98925,10.06075,1.0
-0.202,0.986625,10.060375,1.0
-0.196,0.984,10.06,1.0
-0.19775,0.983375,10.057875000000001,1.0
-0.1995,0.98275,10.05575,1.0
-0.20125,0.982125,10.053625,1.0
-0.203,0.9815,10.0515,1.0
-0.20475,0.9808749999999999,10.049375,1.0
-0.2065,0.98025,10.04725,1.0
-0.20825,0.979625,10.045124999999999,1.0
-0.21,0.979,10.043,1.0
-0.213,0.978125,10.037374999999999,1.0
-0.216,0.97725,10.031749999999999,1.0
-0.219,0.976375,10.026124999999999,1.0
-0.222,0.9755,10.020499999999998,1.0
-0.225,0.974625,10.014875,1.0
-0.228,0.97375,10.00925,1.0
-0.231,0.9728749999999999,10.003625,1.0
-0.234,0.972,9.998,1.0
-0.237875,0.969,9.9935,1.0
-0.24175000000000002,0.966,9.988999999999999,1.0
-0.245625,0.963,9.984499999999999,1.0
-0.2495,0.96,9.98,1.0
-0.253375,0.957,9.9755,1.0
-0.25725000000000003,0.954,9.971,1.0
-0.261125,0.951,9.9665,1.0
-0.265,0.948,9.962,1.0
-0.26737500000000003,0.9482499999999999,9.958124999999999,1.0
-0.26975,0.9484999999999999,9.95425,1.0
-0.272125,0.94875,9.950375,1.0
-0.27449999999999997,0.949,9.9465,1.0
-0.276875,0.9492499999999999,9.942625,1.0
-0.27925,0.9495,9.938749999999999,1.0
-0.28162499999999996,0.94975,9.934875,1.0
-0.284,0.95,9.931,1.0
-0.2835,0.946125,9.93075,1.0
-0.283,0.94225,9.930499999999999,1.0
-0.2825,0.938375,9.93025,1.0
-0.28200000000000003,0.9345,9.93,1.0
-0.28150000000000003,0.930625,9.92975,1.0
-0.281,0.92675,9.9295,1.0
-0.2805,0.922875,9.92925,1.0
-0.28,0.919,9.929,1.0
-0.2805,0.916,9.928625,1.0
-0.281,0.913,9.92825,1.0
-0.28150000000000003,0.91,9.927875,1.0
-0.28200000000000003,0.907,9.9275,1.0
-0.2825,0.904,9.927125,1.0
-0.283,0.901,9.92675,1.0
-0.2835,0.898,9.926375,1.0
-0.284,0.895,9.926,1.0
-0.28312499999999996,0.89025,9.928125,1.0
-0.28225,0.8855,9.930250000000001,1.0
-0.281375,0.88075,9.932375,1.0
-0.28049999999999997,0.876,9.9345,1.0
-0.279625,0.87125,9.936625,1.0
-0.27875,0.8665,9.938749999999999,1.0
-0.27787500000000004,0.86175,9.940875,1.0
-0.277,0.857,9.943,1.0
-0.27487500000000004,0.8545,9.94625,1.0
-0.27275000000000005,0.852,9.9495,1.0
-0.270625,0.8494999999999999,9.95275,1.0
-0.2685,0.847,9.956,1.0
-0.26637500000000003,0.8445,9.959249999999999,1.0
-0.26425,0.842,9.962499999999999,1.0
-0.262125,0.8394999999999999,9.96575,1.0
-0.26,0.837,9.969,1.0
-0.254625,0.834625,9.969875,1.0
-0.24925,0.8322499999999999,9.970749999999999,1.0
-0.243875,0.8298749999999999,9.971625,1.0
-0.2385,0.8274999999999999,9.9725,1.0
-0.233125,0.825125,9.973375,1.0
-0.22775,0.82275,9.974250000000001,1.0
-0.222375,0.820375,9.975125,1.0
-0.217,0.818,9.976,1.0
-0.216125,0.8156249999999999,9.975125,1.0
-0.21525,0.81325,9.974250000000001,1.0
-0.21437499999999998,0.810875,9.973375,1.0
-0.2135,0.8085,9.9725,1.0
-0.212625,0.806125,9.971625,1.0
-0.21175,0.80375,9.970749999999999,1.0
-0.21087499999999998,0.8013750000000001,9.969875,1.0
-0.21,0.799,9.969,1.0
-0.213,0.7975000000000001,9.96725,1.0
-0.216,0.796,9.965499999999999,1.0
-0.219,0.7945,9.96375,1.0
-0.222,0.793,9.962,1.0
-0.225,0.7915000000000001,9.96025,1.0
-0.228,0.79,9.9585,1.0
-0.231,0.7885,9.95675,1.0
-0.234,0.787,9.955,1.0
-0.243625,0.788875,9.946875,1.0
-0.25325000000000003,0.7907500000000001,9.93875,1.0
-0.262875,0.792625,9.930625000000001,1.0
-0.2725,0.7945,9.9225,1.0
-0.282125,0.796375,9.914375,1.0
-0.29175,0.79825,9.90625,1.0
-0.301375,0.8001250000000001,9.898125,1.0
-0.311,0.802,9.89,1.0
-0.316,0.8013750000000001,9.889750000000001,1.0
-0.321,0.8007500000000001,9.8895,1.0
-0.326,0.8001250000000001,9.88925,1.0
-0.33099999999999996,0.7995000000000001,9.889,1.0
-0.33599999999999997,0.798875,9.88875,1.0
-0.34099999999999997,0.79825,9.8885,1.0
-0.346,0.797625,9.88825,1.0
-0.351,0.797,9.888,1.0
-0.36,0.7981250000000001,9.887125,1.0
-0.369,0.79925,9.88625,1.0
-0.378,0.8003750000000001,9.885375,1.0
-0.387,0.8015000000000001,9.8845,1.0
-0.39599999999999996,0.802625,9.883625,1.0
-0.40499999999999997,0.8037500000000001,9.88275,1.0
-0.414,0.804875,9.881875,1.0
-0.423,0.806,9.881,1.0
-0.424875,0.8055000000000001,9.878625,1.0
-0.42674999999999996,0.805,9.87625,1.0
-0.428625,0.8045,9.873875,1.0
-0.4305,0.804,9.871500000000001,1.0
-0.432375,0.8035000000000001,9.869125,1.0
-0.43425,0.803,9.86675,1.0
-0.436125,0.8025,9.864375,1.0
-0.438,0.802,9.862,1.0
-0.43825000000000003,0.799,9.862875,1.0
-0.4385,0.796,9.86375,1.0
-0.43875,0.793,9.864625,1.0
-0.439,0.79,9.8655,1.0
-0.43925000000000003,0.787,9.866375,1.0
-0.4395,0.784,9.86725,1.0
-0.43975,0.781,9.868125,1.0
-0.44,0.778,9.869,1.0
-0.43975,0.7761250000000001,9.87075,1.0
-0.4395,0.77425,9.872499999999999,1.0
-0.43925000000000003,0.772375,9.87425,1.0
-0.439,0.7705,9.876,1.0
-0.43875,0.768625,9.877749999999999,1.0
-0.4385,0.76675,9.8795,1.0
-0.43825000000000003,0.764875,9.88125,1.0
-0.438,0.763,9.883,1.0
-0.440625,0.7615000000000001,9.883624999999999,1.0
-0.44325000000000003,0.76,9.88425,1.0
-0.445875,0.7585,9.884875,1.0
-0.4485,0.757,9.8855,1.0
-0.451125,0.7555000000000001,9.886125,1.0
-0.45375,0.754,9.88675,1.0
-0.45637500000000003,0.7525,9.887375,1.0
-0.459,0.751,9.888,1.0
-0.45787500000000003,0.753125,9.888,1.0
-0.45675,0.75525,9.888,1.0
-0.455625,0.757375,9.888,1.0
-0.4545,0.7595000000000001,9.888,1.0
-0.45337500000000003,0.761625,9.888,1.0
-0.45225000000000004,0.76375,9.888,1.0
-0.451125,0.765875,9.888,1.0
-0.45,0.768,9.888,1.0
-0.453,0.76775,9.88675,1.0
-0.456,0.7675000000000001,9.8855,1.0
-0.459,0.76725,9.88425,1.0
-0.46199999999999997,0.767,9.883,1.0
-0.46499999999999997,0.76675,9.88175,1.0
-0.46799999999999997,0.7665,9.8805,1.0
-0.471,0.76625,9.87925,1.0
-0.474,0.766,9.878,1.0
-0.477875,0.7665,9.873875,1.0
-0.48175,0.767,9.86975,1.0
-0.485625,0.7675000000000001,9.865625,1.0
-0.4895,0.768,9.8615,1.0
-0.493375,0.7685,9.857375000000001,1.0
-0.49724999999999997,0.769,9.853250000000001,1.0
-0.501125,0.7695000000000001,9.849125,1.0
-0.505,0.77,9.845,1.0
-0.510625,0.7721250000000001,9.841625,1.0
-0.51625,0.77425,9.83825,1.0
-0.521875,0.776375,9.834875,1.0
-0.5275000000000001,0.7785,9.8315,1.0
-0.5331250000000001,0.780625,9.828125,1.0
-0.5387500000000001,0.7827500000000001,9.82475,1.0
-0.544375,0.784875,9.821375,1.0
-0.55,0.787,9.818,1.0
-0.553,0.7861250000000001,9.81625,1.0
-0.556,0.78525,9.814499999999999,1.0
-0.559,0.784375,9.81275,1.0
-0.562,0.7835000000000001,9.811,1.0
-0.565,0.782625,9.80925,1.0
-0.568,0.7817500000000001,9.807500000000001,1.0
-0.571,0.780875,9.80575,1.0
-0.574,0.78,9.804,1.0
-0.5746249999999999,0.7785,9.805250000000001,1.0
-0.5752499999999999,0.777,9.8065,1.0
-0.5758749999999999,0.7755000000000001,9.80775,1.0
-0.5765,0.774,9.809000000000001,1.0
-0.577125,0.7725,9.81025,1.0
-0.57775,0.771,9.8115,1.0
-0.578375,0.7695000000000001,9.81275,1.0
-0.579,0.768,9.814,1.0
-0.5798749999999999,0.7665,9.818125,1.0
-0.58075,0.765,9.82225,1.0
-0.581625,0.7635000000000001,9.826375,1.0
-0.5825,0.762,9.8305,1.0
-0.583375,0.7605,9.834624999999999,1.0
-0.5842499999999999,0.759,9.83875,1.0
-0.585125,0.7575000000000001,9.842875,1.0
-0.586,0.756,9.847,1.0
-0.5868749999999999,0.75775,9.847,1.0
-0.58775,0.7595000000000001,9.847,1.0
-0.588625,0.76125,9.847,1.0
-0.5894999999999999,0.763,9.847,1.0
-0.590375,0.76475,9.847,1.0
-0.5912499999999999,0.7665,9.847,1.0
-0.592125,0.76825,9.847,1.0
-0.593,0.77,9.847,1.0
-0.591,0.77,9.84975,1.0
-0.589,0.77,9.8525,1.0
-0.587,0.77,9.85525,1.0
-0.585,0.77,9.858,1.0
-0.583,0.77,9.86075,1.0
-0.581,0.77,9.8635,1.0
-0.579,0.77,9.866249999999999,1.0
-0.577,0.77,9.869,1.0
-0.5754999999999999,0.7695000000000001,9.86925,1.0
-0.574,0.769,9.8695,1.0
-0.5725,0.7685,9.86975,1.0
-0.571,0.768,9.870000000000001,1.0
-0.5694999999999999,0.7675000000000001,9.87025,1.0
-0.568,0.767,9.8705,1.0
-0.5665,0.7665,9.870750000000001,1.0
-0.565,0.766,9.871,1.0
-0.567,0.763875,9.871,1.0
-0.569,0.76175,9.871,1.0
-0.571,0.759625,9.871,1.0
-0.573,0.7575000000000001,9.871,1.0
-0.575,0.755375,9.871,1.0
-0.577,0.75325,9.871,1.0
-0.579,0.751125,9.871,1.0
-0.581,0.749,9.871,1.0
-0.5822499999999999,0.751625,9.873125,1.0
-0.5834999999999999,0.75425,9.875250000000001,1.0
-0.58475,0.756875,9.877375,1.0
-0.586,0.7595000000000001,9.8795,1.0
-0.5872499999999999,0.762125,9.881625,1.0
-0.5885,0.76475,9.88375,1.0
-0.58975,0.767375,9.885875,1.0
-0.591,0.77,9.888,1.0
-0.588625,0.771875,9.888,1.0
-0.5862499999999999,0.77375,9.888,1.0
-0.5838749999999999,0.775625,9.888,1.0
-0.5814999999999999,0.7775000000000001,9.888,1.0
-0.579125,0.779375,9.888,1.0
-0.57675,0.78125,9.888,1.0
-0.574375,0.7831250000000001,9.888,1.0
-0.572,0.785,9.888,1.0
-0.57075,0.784625,9.888,1.0
-0.5695,0.78425,9.888,1.0
-0.56825,0.783875,9.888,1.0
-0.567,0.7835000000000001,9.888,1.0
-0.56575,0.7831250000000001,9.888,1.0
-0.5645,0.7827500000000001,9.888,1.0
-0.56325,0.782375,9.888,1.0
-0.562,0.782,9.888,1.0
-0.5533750000000001,0.782,9.88825,1.0
-0.5447500000000001,0.782,9.8885,1.0
-0.5361250000000001,0.782,9.88875,1.0
-0.5275000000000001,0.782,9.889,1.0
-0.518875,0.782,9.88925,1.0
-0.51025,0.782,9.8895,1.0
-0.501625,0.782,9.889750000000001,1.0
-0.493,0.782,9.89,1.0
-0.48725,0.782,9.896,1.0
-0.4815,0.782,9.902000000000001,1.0
-0.47575,0.782,9.908000000000001,1.0
-0.47,0.782,9.914000000000001,1.0
-0.46425,0.782,9.92,1.0
-0.4585,0.782,9.926,1.0
-0.45275,0.782,9.932,1.0
-0.447,0.782,9.938,1.0
-0.444875,0.782375,9.9395,1.0
-0.44275,0.7827500000000001,9.941,1.0
-0.440625,0.7831250000000001,9.9425,1.0
-0.4385,0.7835000000000001,9.943999999999999,1.0
-0.436375,0.783875,9.9455,1.0
-0.43425,0.78425,9.947,1.0
-0.432125,0.784625,9.9485,1.0
-0.43,0.785,9.95,1.0
-0.43,0.785875,9.949124999999999,1.0
-0.43,0.7867500000000001,9.94825,1.0
-0.43,0.787625,9.947375,1.0
-0.43,0.7885,9.9465,1.0
-0.43,0.789375,9.945625,1.0
-0.43,0.79025,9.944749999999999,1.0
-0.43,0.7911250000000001,9.943875,1.0
-0.43,0.792,9.943,1.0
-0.4325,0.791375,9.94425,1.0
-0.435,0.7907500000000001,9.9455,1.0
-0.4375,0.7901250000000001,9.94675,1.0
-0.44,0.7895000000000001,9.948,1.0
-0.4425,0.788875,9.94925,1.0
-0.445,0.78825,9.9505,1.0
-0.4475,0.787625,9.951749999999999,1.0
-0.45,0.787,9.953,1.0
-0.4505,0.787375,9.952625,1.0
-0.451,0.7877500000000001,9.95225,1.0
-0.4515,0.7881250000000001,9.951875,1.0
-0.452,0.7885,9.9515,1.0
-0.4525,0.788875,9.951125,1.0
-0.453,0.78925,9.95075,1.0
-0.4535,0.789625,9.950375,1.0
-0.454,0.79,9.95,1.0
-0.451625,0.792625,9.949124999999999,1.0
-0.44925000000000004,0.79525,9.94825,1.0
-0.446875,0.797875,9.947375,1.0
-0.4445,0.8005,9.9465,1.0
-0.442125,0.8031250000000001,9.945625,1.0
-0.43975,0.8057500000000001,9.944749999999999,1.0
-0.437375,0.8083750000000001,9.943875,1.0
-0.435,0.811,9.943,1.0
-0.43325,0.8103750000000001,9.94275,1.0
-0.4315,0.8097500000000001,9.942499999999999,1.0
-0.42974999999999997,0.8091250000000001,9.94225,1.0
-0.428,0.8085,9.942,1.0
-0.42625,0.807875,9.94175,1.0
-0.4245,0.80725,9.941500000000001,1.0
-0.42274999999999996,0.806625,9.94125,1.0
-0.421,0.806,9.941,1.0
-0.423125,0.804,9.941,1.0
-0.42525,0.802,9.941,1.0
-0.427375,0.8,9.941,1.0
-0.4295,0.798,9.941,1.0
-0.431625,0.796,9.941,1.0
-0.43374999999999997,0.794,9.941,1.0
-0.435875,0.792,9.941,1.0
-0.438,0.79,9.941,1.0
-0.438,0.79,9.941,1.0
-0.438,0.79,9.941,1.0
-0.438,0.79,9.941,1.0
-0.438,0.79,9.941,1.0
-0.438,0.79,9.941,1.0
-0.438,0.79,9.941,1.0
-0.438,0.79,9.941,1.0
