-1.992,-1.266,10.003,0.0
-1.992,-1.26475,10.001125,0.0
-1.992,-1.2635,9.99925,0.0
-1.992,-1.26225,9.997375,0.0
-1.992,-1.2610000000000001,9.9955,0.0
-1.992,-1.25975,9.993625,0.0
-1.992,-1.2585,9.99175,0.0
-1.992,-1.25725,9.989875,0.0
-1.992,-1.256,9.988,0.0
-1.991625,-1.254875,9.990499999999999,0.0
-1.99125,-1.2537500000000001,9.992999999999999,0.0
-1.990875,-1.252625,9.9955,0.0
-1.9905,-1.2515,9.998,0.0
-1.9901250000000001,-1.250375,10.000499999999999,0.0
-1.9897500000000001,-1.24925,10.003,0.0
-1.9893750000000001,-1.2481250000000002,10.0055,0.0
-1.989,-1.247,10.008,0.0
-1.987875,-1.2412500000000002,10.006124999999999,0.0
-1.98675,-1.2355,10.004249999999999,0.0
-1.985625,-1.2297500000000001,10.002374999999999,0.0
-1.9845000000000002,-1.2240000000000002,10.000499999999999,0.0
-1.983375,-1.21825,9.998625,0.0
-1.98225,-1.2125000000000001,9.99675,0.0
-1.981125,-1.20675,9.994875,0.0
-1.98,-1.201,9.993,0.0
-1.980875,-1.2040000000000002,9.99,0.0
-1.98175,-1.207,9.987,0.0
-1.982625,-1.21,9.984,0.0
-1.9835,-1.213,9.981,0.0
-1.984375,-1.2160000000000002,9.978,0.0
-1.9852500000000002,-1.219,9.975,0.0
-1.9861250000000001,-1.222,9.972,0.0
-1.987,-1.225,9.969,0.0
-1.987,-1.225375,9.9645,0.0
-1.987,-1.2257500000000001,9.959999999999999,0.0
-1.987,-1.2261250000000001,9.955499999999999,0.0
-1.987,-1.2265000000000001,9.951,0.0
-1.987,-1.226875,9.9465,0.0
-1.987,-1.22725,9.942,0.0
-1.987,-1.227625,9.9375,0.0
-1.987,-1.228,9.933,0.0
-1.987,-1.2295,9.927624999999999,0.0
-1.987,-1.2309999999999999,9.92225,0.0
-1.987,-1.2325,9.916875000000001,0.0
-1.987,-1.234,9.9115,0.0
-1.987,-1.2355,9.906125,0.0
-1.987,-1.237,9.90075,0.0
-1.987,-1.2385,9.895375000000001,0.0
-1.987,-1.24,9.89,0.0
-1.986375,-1.24,9.889750000000001,0.0
-1.9857500000000001,-1.24,9.8895,0.0
-1.985125,-1.24,9.88925,0.0
-1.9845000000000002,-1.24,9.889,0.0
-1.983875,-1.24,9.88875,0.0
-1.98325,-1.24,9.8885,0.0
-1.982625,-1.24,9.88825,0.0
-1.982,-1.24,9.888,0.0
-1.98175,-1.242,9.88675,0.0
-1.9815,-1.244,9.8855,0.0
-1.98125,-1.246,9.88425,0.0
-1.9809999999999999,-1.248,9.883,0.0
-1.98075,-1.25,9.88175,0.0
-1.9805,-1.252,9.8805,0.0
-1.98025,-1.254,9.87925,0.0
-1.98,-1.256,9.878,0.0
-1.9785,-1.25575,9.867,0.0
-1.9769999999999999,-1.2555,9.856,0.0
-1.9755,-1.25525,9.844999999999999,0.0
-1.974,-1.255,9.834,0.0
-1.9725,-1.25475,9.823,0.0
-1.971,-1.2545,9.812,0.0
-1.9695,-1.25425,9.800999999999998,0.0
-1.968,-1.254,9.79,0.0
-1.9695,-1.25425,9.78725,0.0
-1.971,-1.2545,9.7845,0.0
-1.9725,-1.25475,9.781749999999999,0.0
-1.974,-1.255,9.779,0.0
-1.9755,-1.25525,9.776250000000001,0.0
-1.9769999999999999,-1.2555,9.7735,0.0
-1.9785,-1.25575,9.77075,0.0
-1.98,-1.256,9.768,0.0
-1.9785,-1.2570000000000001,9.764375000000001,0.0
-1.9769999999999999,-1.258,9.760750000000002,0.0
-1.9755,-1.259,9.757125,0.0
-1.974,-1.26,9.7535,0.0
-1.9725,-1.2610000000000001,9.749875000000001,0.0
-1.971,-1.262,9.74625,0.0
-1.9695,-1.263,9.742625,0.0
-1.968,-1.264,9.739,0.0
-1.964375,-1.267,9.728250000000001,0.0
-1.96075,-1.27,9.717500000000001,0.0
-1.957125,-1.2730000000000001,9.706750000000001,0.0
-1.9535,-1.276,9.696000000000002,0.0
-1.949875,-1.279,9.68525,0.0
-1.94625,-1.282,9.6745,0.0
-1.942625,-1.2850000000000001,9.66375,0.0
-1.939,-1.288,9.653,0.0
-1.9416250000000002,-1.2885,9.650375,0.0
-1.94425,-1.2890000000000001,9.64775,0.0
-1.946875,-1.2895,9.645125,0.0
-1.9495,-1.29,9.6425,0.0
-1.952125,-1.2905,9.639875,0.0
-1.95475,-1.291,9.63725,0.0
-1.9573749999999999,-1.2915,9.634625,0.0
-1.96,-1.292,9.632,0.0
-1.958875,-1.292,9.624125,0.0
-1.9577499999999999,-1.292,9.61625,0.0
-1.956625,-1.292,9.608375,0.0
-1.9555,-1.292,9.6005,0.0
-1.954375,-1.292,9.592625,0.0
-1.9532500000000002,-1.292,9.58475,0.0
-1.952125,-1.292,9.576875000000001,0.0
-1.951,-1.292,9.569,0.0
-1.950125,-1.2905,9.559750000000001,0.0
-1.9492500000000001,-1.2890000000000001,9.5505,0.0
-1.948375,-1.2875,9.54125,0.0
-1.9475,-1.286,9.532,0.0
-1.946625,-1.2845,9.52275,0.0
-1.9457499999999999,-1.283,9.5135,0.0
-1.944875,-1.2815,9.504249999999999,0.0
-1.944,-1.28,9.495,0.0
-1.9425,-1.2806250000000001,9.491125,0.0
-1.9409999999999998,-1.28125,9.48725,0.0
-1.9395,-1.2818749999999999,9.483374999999999,0.0
-1.938,-1.2825,9.4795,0.0
-1.9364999999999999,-1.283125,9.475625,0.0
-1.935,-1.28375,9.47175,0.0
-1.9335,-1.2843749999999998,9.467875,0.0
-1.932,-1.285,9.464,0.0
-1.9289999999999998,-1.28325,9.456875,0.0
-1.926,-1.2814999999999999,9.44975,0.0
-1.923,-1.27975,9.442625,0.0
-1.92,-1.278,9.435500000000001,0.0
-1.9169999999999998,-1.2762499999999999,9.428375,0.0
-1.914,-1.2745,9.42125,0.0
-1.911,-1.2727499999999998,9.414125,0.0
-1.908,-1.271,9.407,0.0
-1.910375,-1.2691249999999998,9.397124999999999,0.0
-1.91275,-1.26725,9.38725,0.0
-1.915125,-1.265375,9.377375,0.0
-1.9175,-1.2635,9.3675,0.0
-1.919875,-1.261625,9.357624999999999,0.0
-1.92225,-1.25975,9.34775,0.0
-1.924625,-1.257875,9.337875,0.0
-1.927,-1.256,9.328,0.0
-1.927,-1.2570000000000001,9.325249999999999,0.0
-1.927,-1.258,9.3225,0.0
-1.927,-1.259,9.319749999999999,0.0
-1.927,-1.26,9.317,0.0
-1.927,-1.2610000000000001,9.31425,0.0
-1.927,-1.262,9.311499999999999,0.0
-1.927,-1.263,9.30875,0.0
-1.927,-1.264,9.306,0.0
-1.926625,-1.26425,9.301499999999999,0.0
-1.92625,-1.2645,9.296999999999999,0.0
-1.925875,-1.26475,9.292499999999999,0.0
-1.9255,-1.2650000000000001,9.288,0.0
-1.925125,-1.26525,9.2835,0.0
-1.92475,-1.2655,9.279,0.0
-1.924375,-1.26575,9.2745,0.0
-1.924,-1.266,9.27,0.0
-1.9237499999999998,-1.2645,9.26225,0.0
-1.9235,-1.263,9.2545,0.0
-1.92325,-1.2615,9.24675,0.0
-1.923,-1.26,9.239,0.0
-1.92275,-1.2585,9.23125,0.0
-1.9224999999999999,-1.2570000000000001,9.2235,0.0
-1.92225,-1.2555,9.21575,0.0
-1.922,-1.254,9.208,0.0
-1.9217499999999998,-1.253125,9.204375,0.0
-1.9215,-1.25225,9.20075,0.0
-1.92125,-1.2513750000000001,9.197125,0.0
-1.9209999999999998,-1.2505000000000002,9.1935,0.0
-1.92075,-1.249625,9.189875,0.0
-1.9204999999999999,-1.24875,9.186250000000001,0.0
-1.92025,-1.247875,9.182625,0.0
-1.92,-1.247,9.179,0.0
-1.92025,-1.2472500000000002,9.169125000000001,0.0
-1.9204999999999999,-1.2475,9.15925,0.0
-1.92075,-1.2477500000000001,9.149375,0.0
-1.9209999999999998,-1.2480000000000002,9.1395,0.0
-1.92125,-1.24825,9.129625,0.0
-1.9215,-1.2485000000000002,9.11975,0.0
-1.9217499999999998,-1.24875,9.109874999999999,0.0
-1.922,-1.249,9.1,0.0
-1.922625,-1.2472500000000002,9.092875,0.0
-1.92325,-1.2455,9.085749999999999,0.0
-1.923875,-1.2437500000000001,9.078624999999999,0.0
-1.9245,-1.242,9.0715,0.0
-1.925125,-1.24025,9.064375,0.0
-1.92575,-1.2385000000000002,9.05725,0.0
-1.926375,-1.23675,9.050125,0.0
-1.927,-1.235,9.043,0.0
-1.926375,-1.2320000000000002,9.036999999999999,0.0
-1.92575,-1.229,9.030999999999999,0.0
-1.925125,-1.226,9.024999999999999,0.0
-1.9245,-1.223,9.018999999999998,0.0
-1.923875,-1.2200000000000002,9.013,0.0
-1.92325,-1.217,9.007,0.0
-1.922625,-1.214,9.001,0.0
-1.922,-1.211,8.995,0.0
-1.9235,-1.205,8.990499999999999,0.0
-1.9249999999999998,-1.199,8.985999999999999,0.0
-1.9264999999999999,-1.193,8.981499999999999,0.0
-1.928,-1.187,8.977,0.0
-1.9295,-1.181,8.9725,0.0
-1.931,-1.175,8.968,0.0
-1.9324999999999999,-1.169,8.9635,0.0
-1.934,-1.163,8.959,0.0
-1.9355,-1.15825,8.953624999999999,0.0
-1.9369999999999998,-1.1535,8.94825,0.0
-1.9385,-1.14875,8.942875,0.0
-1.94,-1.1440000000000001,8.9375,0.0
-1.9415,-1.13925,8.932125,0.0
-1.943,-1.1345,8.92675,0.0
-1.9445,-1.12975,8.921375000000001,0.0
-1.946,-1.125,8.916,0.0
-1.9505,-1.121625,8.913,0.0
-1.955,-1.11825,8.91,0.0
-1.9595,-1.114875,8.907,0.0
-1.964,-1.1115,8.904,0.0
-1.9685,-1.108125,8.901,0.0
-1.9729999999999999,-1.1047500000000001,8.898,0.0
-1.9775,-1.101375,8.895,0.0
-1.982,-1.098,8.892,0.0
-1.9865,-1.0962500000000002,8.893125,0.0
-1.9909999999999999,-1.0945,8.89425,0.0
-1.9954999999999998,-1.09275,8.895375,0.0
-2.0,-1.0910000000000002,8.8965,0.0
-2.0044999999999997,-1.08925,8.897625,0.0
-2.009,-1.0875000000000001,8.89875,0.0
-2.0134999999999996,-1.08575,8.899875,0.0
-2.018,-1.084,8.901,0.0
-2.0186249999999997,-1.081375,8.899,0.0
-2.01925,-1.07875,8.897,0.0
-2.019875,-1.076125,8.895,0.0
-2.0205,-1.0735000000000001,8.893,0.0
-2.021125,-1.070875,8.891,0.0
-2.02175,-1.06825,8.889,0.0
-2.0223750000000003,-1.065625,8.887,0.0
-2.023,-1.063,8.885,0.0
-2.0260000000000002,-1.060875,8.888,0.0
-2.029,-1.0587499999999999,8.891,0.0
-2.032,-1.056625,8.894,0.0
-2.035,-1.0545,8.897,0.0
-2.0380000000000003,-1.052375,8.9,0.0
-2.0410000000000004,-1.0502500000000001,8.903,0.0
-2.044,-1.048125,8.906,0.0
-2.047,-1.046,8.909,0.0
-2.04875,-1.04475,8.91225,0.0
-2.0505,-1.0435,8.915500000000002,0.0
-2.05225,-1.0422500000000001,8.918750000000001,0.0
-2.0540000000000003,-1.041,8.922,0.0
-2.05575,-1.03975,8.92525,0.0
-2.0575,-1.0385,8.9285,0.0
-2.05925,-1.03725,8.931750000000001,0.0
-2.061,-1.036,8.935,0.0
-2.0601249999999998,-1.036375,8.940125,0.0
-2.05925,-1.03675,8.945250000000001,0.0
-2.058375,-1.037125,8.950375000000001,0.0
-2.0575,-1.0375,8.9555,0.0
-2.056625,-1.0378749999999999,8.960625,0.0
-2.0557499999999997,-1.03825,8.96575,0.0
-2.054875,-1.038625,8.970875000000001,0.0
-2.054,-1.039,8.976,0.0
-2.0555,-1.038625,8.983125000000001,0.0
-2.057,-1.03825,8.99025,0.0
-2.0585,-1.0378749999999999,8.997375,0.0
-2.0599999999999996,-1.0375,9.0045,0.0
-2.0614999999999997,-1.037125,9.011625,0.0
-2.0629999999999997,-1.03675,9.01875,0.0
-2.0645,-1.036375,9.025875,0.0
-2.066,-1.036,9.033,0.0
-2.0645,-1.0405,9.0345,0.0
-2.0629999999999997,-1.045,9.036,0.0
-2.0614999999999997,-1.0495,9.0375,0.0
-2.0599999999999996,-1.054,9.039,0.0
-2.0585,-1.0585,9.0405,0.0
-2.057,-1.0630000000000002,9.042,0.0
-2.0555,-1.0675000000000001,9.0435,0.0
-2.054,-1.072,9.045,0.0
-2.0524999999999998,-1.068375,9.04825,0.0
-2.0509999999999997,-1.06475,9.0515,0.0
-2.0494999999999997,-1.061125,9.05475,0.0
-2.048,-1.0575,9.058,0.0
-2.0465,-1.053875,9.06125,0.0
-2.045,-1.05025,9.064499999999999,0.0
-2.0435,-1.046625,9.06775,0.0
-2.042,-1.043,9.071,0.0
-2.041375,-1.0487499999999998,9.07375,0.0
-2.04075,-1.0545,9.0765,0.0
-2.0401249999999997,-1.06025,9.07925,0.0
-2.0395,-1.0659999999999998,9.082,0.0
-2.038875,-1.07175,9.08475,0.0
-2.0382499999999997,-1.0775,9.0875,0.0
-2.037625,-1.08325,9.09025,0.0
-2.037,-1.089,9.093,0.0
-2.0361249999999997,-1.0875,9.0975,0.0
-2.03525,-1.0859999999999999,9.102,0.0
-2.034375,-1.0845,9.1065,0.0
-2.0335,-1.083,9.111,0.0
-2.032625,-1.0815,9.115499999999999,0.0
-2.0317499999999997,-1.08,9.12,0.0
-2.030875,-1.0785,9.1245,0.0
-2.03,-1.077,9.129,0.0
-2.0302499999999997,-1.08175,9.144,0.0
-2.0305,-1.0865,9.158999999999999,0.0
-2.03075,-1.09125,9.174,0.0
-2.0309999999999997,-1.096,9.189,0.0
-2.03125,-1.10075,9.204,0.0
-2.0315,-1.1055,9.219000000000001,0.0
-2.03175,-1.11025,9.234,0.0
-2.032,-1.115,9.249,0.0
-2.032,-1.115,9.249,0.0
-2.032,-1.115,9.249,0.0
-2.032,-1.115,9.249,0.0
-2.032,-1.115,9.249,0.0
-2.032,-1.115,9.249,0.0
-2.032,-1.115,9.249,0.0
-2.032,-1.115,9.249,0.0
-2.032,-1.115,9.249,0.0
-2.030875,-1.116875,9.25225,0.0
-2.02975,-1.11875,9.255500000000001,0.0
-2.028625,-1.120625,9.258750000000001,0.0
-2.0275,-1.1225,9.262,0.0
-2.0263750000000003,-1.124375,9.26525,0.0
-2.02525,-1.12625,9.2685,0.0
-2.024125,-1.1281249999999998,9.27175,0.0
-2.023,-1.13,9.275,0.0
-2.0250000000000004,-1.133,9.2795,0.0
-2.027,-1.136,9.284,0.0
-2.029,-1.1389999999999998,9.2885,0.0
-2.031,-1.142,9.293,0.0
-2.0330000000000004,-1.145,9.2975,0.0
-2.035,-1.148,9.302,0.0
-2.037,-1.1509999999999998,9.3065,0.0
-2.039,-1.154,9.311,0.0
-2.043,-1.159625,9.314,0.0
-2.047,-1.16525,9.317,0.0
-2.051,-1.1708749999999999,9.32,0.0
-2.055,-1.1764999999999999,9.323,0.0
-2.059,-1.182125,9.326,0.0
-2.063,-1.18775,9.329,0.0
-2.067,-1.193375,9.332,0.0
-2.071,-1.199,9.335,0.0
-2.07125,-1.201125,9.339125000000001,0.0
-2.0715000000000003,-1.2032500000000002,9.343250000000001,0.0
-2.07175,-1.205375,9.347375000000001,0.0
-2.072,-1.2075,9.351500000000001,0.0
-2.07225,-1.209625,9.355625,0.0
-2.0725,-1.2117499999999999,9.35975,0.0
-2.07275,-1.213875,9.363875,0.0
-2.073,-1.216,9.368,0.0
-2.079875,-1.217125,9.368375,0.0
-2.08675,-1.21825,9.36875,0.0
-2.093625,-1.219375,9.369125,0.0
-2.1005000000000003,-1.2205,9.3695,0.0
-2.107375,-1.221625,9.369875,0.0
-2.11425,-1.22275,9.37025,0.0
-2.121125,-1.223875,9.370625,0.0
-2.128,-1.225,9.371,0.0
-2.13075,-1.225375,9.373625,0.0
-2.1335,-1.2257500000000001,9.37625,0.0
-2.13625,-1.2261250000000001,9.378875,0.0
-2.1390000000000002,-1.2265000000000001,9.381499999999999,0.0
-2.14175,-1.226875,9.384125,0.0
-2.1445,-1.22725,9.38675,0.0
-2.14725,-1.227625,9.389375,0.0
-2.15,-1.228,9.392,0.0
-2.152625,-1.226125,9.39175,0.0
-2.1552499999999997,-1.22425,9.3915,0.0
-2.1578749999999998,-1.222375,9.39125,0.0
-2.1605,-1.2205,9.391,0.0
-2.163125,-1.218625,9.39075,0.0
-2.16575,-1.21675,9.3905,0.0
-2.1683749999999997,-1.2148750000000001,9.39025,0.0
-2.171,-1.213,9.39,0.0
-2.174,-1.21275,9.38875,0.0
-2.1769999999999996,-1.2125000000000001,9.387500000000001,0.0
-2.1799999999999997,-1.21225,9.38625,0.0
-2.183,-1.2120000000000002,9.385000000000002,0.0
-2.186,-1.21175,9.383750000000001,0.0
-2.189,-1.2115,9.3825,0.0
-2.1919999999999997,-1.2112500000000002,9.381250000000001,0.0
-2.195,-1.211,9.38,0.0
-2.2003749999999997,-1.205,9.380625,0.0
-2.20575,-1.199,9.381250000000001,0.0
-2.211125,-1.193,9.381875,0.0
-2.2165,-1.187,9.3825,0.0
-2.221875,-1.181,9.383125,0.0
-2.2272499999999997,-1.175,9.38375,0.0
-2.232625,-1.169,9.384375,0.0
-2.238,-1.163,9.385,0.0
-2.2455,-1.160625,9.384375,0.0
-2.253,-1.15825,9.38375,0.0
-2.2605,-1.155875,9.383125,0.0
-2.268,-1.1535,9.3825,0.0
-2.2755,-1.151125,9.381875,0.0
-2.283,-1.14875,9.381250000000001,0.0
-2.2905,-1.146375,9.380625,0.0
-2.298,-1.144,9.38,0.0
-2.29975,-1.143125,9.377375,0.0
-2.3015,-1.14225,9.37475,0.0
-2.30325,-1.141375,9.372125,0.0
-2.3049999999999997,-1.1404999999999998,9.3695,0.0
-2.30675,-1.1396249999999999,9.366875,0.0
-2.3085,-1.13875,9.36425,0.0
-2.31025,-1.137875,9.361625,0.0
-2.312,-1.137,9.359,0.0
-2.313875,-1.13275,9.358375,0.0
-2.31575,-1.1285,9.35775,0.0
-2.317625,-1.12425,9.357125,0.0
-2.3194999999999997,-1.12,9.3565,0.0
-2.3213749999999997,-1.11575,9.355875,0.0
-2.32325,-1.1115,9.35525,0.0
-2.325125,-1.10725,9.354624999999999,0.0
-2.327,-1.103,9.354,0.0
-2.326375,-1.101875,9.346499999999999,0.0
-2.32575,-1.1007500000000001,9.338999999999999,0.0
-2.325125,-1.099625,9.3315,0.0
-2.3245,-1.0985,9.324,0.0
-2.323875,-1.097375,9.3165,0.0
-2.32325,-1.09625,9.309000000000001,0.0
-2.322625,-1.0951250000000001,9.3015,0.0
-2.322,-1.094,9.294,0.0
-2.322,-1.0955000000000001,9.290375000000001,0.0
-2.322,-1.097,9.286750000000001,0.0
-2.322,-1.0985,9.283125,0.0
-2.322,-1.1,9.2795,0.0
-2.322,-1.1015000000000001,9.275875000000001,0.0
-2.322,-1.1030000000000002,9.27225,0.0
-2.322,-1.1045,9.268625,0.0
-2.322,-1.106,9.265,0.0
-2.316625,-1.109,9.255125,0.0
-2.3112500000000002,-1.112,9.24525,0.0
-2.305875,-1.115,9.235375000000001,0.0
-2.3005,-1.1179999999999999,9.2255,0.0
-2.295125,-1.121,9.215625,0.0
-2.2897499999999997,-1.1239999999999999,9.20575,0.0
-2.284375,-1.127,9.195875000000001,0.0
-2.279,-1.13,9.186,0.0
-2.2715,-1.1315,9.177375,0.0
-2.264,-1.133,9.16875,0.0
-2.2565,-1.1344999999999998,9.160125,0.0
-2.2489999999999997,-1.136,9.1515,0.0
-2.2415,-1.1375,9.142875,0.0
-2.234,-1.1389999999999998,9.134250000000002,0.0
-2.2264999999999997,-1.1404999999999998,9.125625000000001,0.0
-2.219,-1.142,9.117,0.0
-2.2175,-1.145,9.111,0.0
-2.2159999999999997,-1.148,9.105,0.0
-2.2144999999999997,-1.1509999999999998,9.099,0.0
-2.213,-1.154,9.093,0.0
-2.2115,-1.157,9.087000000000002,0.0
-2.21,-1.16,9.081000000000001,0.0
-2.2085,-1.1629999999999998,9.075000000000001,0.0
-2.207,-1.166,9.069,0.0
-2.198375,-1.17075,9.058250000000001,0.0
-2.18975,-1.1755,9.047500000000001,0.0
-2.1811249999999998,-1.18025,9.036750000000001,0.0
-2.1725,-1.185,9.026,0.0
-2.163875,-1.1897499999999999,9.01525,0.0
-2.1552499999999997,-1.1945,9.0045,0.0
-2.146625,-1.19925,8.99375,0.0
-2.138,-1.204,8.983,0.0
-2.12925,-1.206375,8.971,0.0
-2.1205,-1.20875,8.959,0.0
-2.11175,-1.211125,8.947000000000001,0.0
-2.1029999999999998,-1.2135,8.935,0.0
-2.09425,-1.215875,8.923,0.0
-2.0855,-1.21825,8.911000000000001,0.0
-2.07675,-1.220625,8.899000000000001,0.0
-2.068,-1.223,8.887,0.0
-2.064375,-1.2232500000000002,8.88075,0.0
-2.06075,-1.2235,8.874500000000001,0.0
-2.057125,-1.2237500000000001,8.86825,0.0
-2.0535,-1.2240000000000002,8.862,0.0
-2.049875,-1.22425,8.85575,0.0
-2.04625,-1.2245000000000001,8.849499999999999,0.0
-2.042625,-1.22475,8.84325,0.0
-2.039,-1.225,8.837,0.0
-2.032125,-1.226,8.827124999999999,0.0
-2.02525,-1.227,8.81725,0.0
-2.0183750000000003,-1.2280000000000002,8.807375,0.0
-2.0115,-1.229,8.7975,0.0
-2.004625,-1.23,8.787624999999998,0.0
-1.99775,-1.231,8.77775,0.0
-1.990875,-1.2320000000000002,8.767875,0.0
-1.984,-1.233,8.758,0.0
-1.979,-1.232375,8.751375,0.0
-1.974,-1.2317500000000001,8.74475,0.0
-1.9689999999999999,-1.231125,8.738125,0.0
-1.964,-1.2305000000000001,8.7315,0.0
-1.959,-1.229875,8.724874999999999,0.0
-1.954,-1.22925,8.71825,0.0
-1.9489999999999998,-1.228625,8.711625,0.0
-1.944,-1.228,8.705,0.0
-1.941875,-1.227625,8.7005,0.0
-1.93975,-1.22725,8.696,0.0
-1.937625,-1.226875,8.6915,0.0
-1.9355,-1.2265000000000001,8.687000000000001,0.0
-1.933375,-1.2261250000000001,8.682500000000001,0.0
-1.93125,-1.2257500000000001,8.678,0.0
-1.929125,-1.225375,8.6735,0.0
-1.927,-1.225,8.669,0.0
-1.9225,-1.2245000000000001,8.66,0.0
-1.9180000000000001,-1.2240000000000002,8.651,0.0
-1.9135,-1.2235,8.642,0.0
-1.909,-1.223,8.633,0.0
-1.9045,-1.2225000000000001,8.624,0.0
-1.9,-1.222,8.615,0.0
-1.8955,-1.2215,8.606,0.0
-1.891,-1.221,8.597,0.0
-1.890125,-1.220625,8.591999999999999,0.0
-1.88925,-1.22025,8.587,0.0
-1.888375,-1.219875,8.582,0.0
-1.8875,-1.2195,8.577,0.0
-1.886625,-1.219125,8.572,0.0
-1.8857499999999998,-1.21875,8.567,0.0
-1.8848749999999999,-1.218375,8.562000000000001,0.0
-1.884,-1.218,8.557,0.0
-1.8836249999999999,-1.2177499999999999,8.552125,0.0
-1.8832499999999999,-1.2175,8.54725,0.0
-1.8828749999999999,-1.21725,8.542375,0.0
-1.8824999999999998,-1.217,8.537500000000001,0.0
-1.882125,-1.21675,8.532625000000001,0.0
-1.88175,-1.2165,8.527750000000001,0.0
-1.881375,-1.21625,8.522875,0.0
-1.881,-1.216,8.518,0.0
-1.882875,-1.214125,8.512625,0.0
-1.88475,-1.21225,8.50725,0.0
-1.886625,-1.210375,8.501875,0.0
-1.8885,-1.2085,8.496500000000001,0.0
-1.890375,-1.206625,8.491125,0.0
-1.89225,-1.20475,8.48575,0.0
-1.8941249999999998,-1.2028750000000001,8.480375,0.0
-1.896,-1.201,8.475,0.0
-1.8968749999999999,-1.195125,8.469,0.0
-1.8977499999999998,-1.18925,8.463,0.0
-1.898625,-1.183375,8.456999999999999,0.0
-1.8995,-1.1775,8.451,0.0
-1.900375,-1.171625,8.445,0.0
-1.90125,-1.16575,8.439,0.0
-1.902125,-1.159875,8.433,0.0
-1.903,-1.154,8.427,0.0
-1.906625,-1.1521249999999998,8.427999999999999,0.0
-1.91025,-1.15025,8.429,0.0
-1.913875,-1.148375,8.43,0.0
-1.9175,-1.1465,8.431000000000001,0.0
-1.921125,-1.144625,8.432,0.0
-1.92475,-1.14275,8.433,0.0
-1.928375,-1.140875,8.434000000000001,0.0
-1.932,-1.139,8.435,0.0
-1.932,-1.139,8.435,0.0
-1.932,-1.139,8.435,0.0
-1.932,-1.139,8.435,0.0
-1.932,-1.139,8.435,0.0
-1.932,-1.139,8.435,0.0
-1.932,-1.139,8.435,0.0
-1.932,-1.139,8.435,0.0
-1.932,-1.139,8.435,0.0
-1.931625,-1.1375,8.431000000000001,0.0
-1.93125,-1.1360000000000001,8.427,0.0
-1.930875,-1.1345,8.423,0.0
-1.9304999999999999,-1.133,8.419,0.0
-1.930125,-1.1315,8.415000000000001,0.0
-1.92975,-1.13,8.411000000000001,0.0
-1.929375,-1.1285,8.407,0.0
-1.929,-1.127,8.403,0.0
-1.929,-1.124,8.4015,0.0
-1.929,-1.121,8.4,0.0
-1.929,-1.1179999999999999,8.3985,0.0
-1.929,-1.115,8.397,0.0
-1.929,-1.112,8.3955,0.0
-1.929,-1.109,8.394,0.0
-1.929,-1.1059999999999999,8.3925,0.0
-1.929,-1.103,8.391,0.0
-1.931125,-1.1,8.39375,0.0
-1.9332500000000001,-1.097,8.3965,0.0
-1.935375,-1.0939999999999999,8.39925,0.0
-1.9375,-1.091,8.402000000000001,0.0
-1.939625,-1.088,8.40475,0.0
-1.9417499999999999,-1.085,8.4075,0.0
-1.943875,-1.0819999999999999,8.41025,0.0
-1.946,-1.079,8.413,0.0
-1.942375,-1.078125,8.413,0.0
-1.93875,-1.07725,8.413,0.0
-1.935125,-1.076375,8.413,0.0
-1.9315,-1.0755,8.413,0.0
-1.927875,-1.074625,8.413,0.0
-1.92425,-1.07375,8.413,0.0
-1.920625,-1.072875,8.413,0.0
-1.917,-1.072,8.413,0.0
-1.91675,-1.0675000000000001,8.415750000000001,0.0
-1.9165,-1.0630000000000002,8.4185,0.0
-1.91625,-1.0585,8.42125,0.0
-1.916,-1.054,8.424,0.0
-1.91575,-1.0495,8.42675,0.0
-1.9155,-1.045,8.4295,0.0
-1.9152500000000001,-1.0405,8.43225,0.0
-1.915,-1.036,8.435,0.0
-1.912,-1.036625,8.4335,0.0
-1.909,-1.03725,8.432,0.0
-1.9060000000000001,-1.037875,8.4305,0.0
-1.903,-1.0385,8.429,0.0
-1.9,-1.0391249999999999,8.4275,0.0
-1.897,-1.03975,8.426,0.0
-1.8940000000000001,-1.040375,8.4245,0.0
-1.891,-1.041,8.423,0.0
-1.89075,-1.03825,8.422625,0.0
-1.8905,-1.0354999999999999,8.42225,0.0
-1.89025,-1.0327499999999998,8.421875,0.0
-1.8900000000000001,-1.0299999999999998,8.4215,0.0
-1.88975,-1.02725,8.421125,0.0
-1.8895,-1.0245,8.42075,0.0
-1.88925,-1.02175,8.420375,0.0
-1.889,-1.019,8.42,0.0
-1.88775,-1.018125,8.421875,0.0
-1.8865,-1.01725,8.42375,0.0
-1.88525,-1.016375,8.425625,0.0
-1.884,-1.0154999999999998,8.4275,0.0
-1.88275,-1.0146249999999999,8.429375,0.0
-1.8815,-1.01375,8.43125,0.0
-1.88025,-1.012875,8.433125,0.0
-1.879,-1.012,8.435,0.0
-1.87475,-1.012375,8.43525,0.0
-1.8705,-1.01275,8.435500000000001,0.0
-1.86625,-1.013125,8.43575,0.0
-1.862,-1.0135,8.436,0.0
-1.85775,-1.0138749999999999,8.43625,0.0
-1.8535,-1.0142499999999999,8.436499999999999,0.0
-1.84925,-1.0146249999999999,8.43675,0.0
-1.845,-1.015,8.437,0.0
-1.84475,-1.0131249999999998,8.442625,0.0
-1.8445,-1.01125,8.44825,0.0
-1.84425,-1.009375,8.453875,0.0
-1.8439999999999999,-1.0074999999999998,8.459499999999998,0.0
-1.84375,-1.005625,8.465124999999999,0.0
-1.8435,-1.00375,8.470749999999999,0.0
-1.84325,-1.001875,8.476374999999999,0.0
-1.843,-1.0,8.482,0.0
-1.83825,-0.99975,8.482375,0.0
-1.8335,-0.9995,8.48275,0.0
-1.8287499999999999,-0.99925,8.483125,0.0
-1.8239999999999998,-0.999,8.4835,0.0
-1.81925,-0.99875,8.483875,0.0
-1.8145,-0.9984999999999999,8.48425,0.0
-1.80975,-0.99825,8.484625,0.0
-1.805,-0.998,8.485,0.0
-1.8071249999999999,-0.9995,8.4865,0.0
-1.80925,-1.001,8.488,0.0
-1.811375,-1.0025,8.4895,0.0
-1.8135,-1.004,8.491,0.0
-1.815625,-1.0055,8.4925,0.0
-1.81775,-1.0070000000000001,8.494,0.0
-1.8198750000000001,-1.0085,8.4955,0.0
-1.822,-1.01,8.497,0.0
-1.82075,-1.010625,8.497625,0.0
-1.8195000000000001,-1.01125,8.49825,0.0
-1.8182500000000001,-1.0118749999999999,8.498875,0.0
-1.8170000000000002,-1.0125,8.499500000000001,0.0
-1.81575,-1.013125,8.500125,0.0
-1.8145,-1.01375,8.50075,0.0
-1.81325,-1.0143749999999998,8.501375000000001,0.0
-1.812,-1.015,8.502,0.0
-1.812875,-1.0179999999999998,8.501000000000001,0.0
-1.81375,-1.021,8.5,0.0
-1.814625,-1.024,8.499,0.0
-1.8155000000000001,-1.027,8.498000000000001,0.0
-1.816375,-1.0299999999999998,8.497,0.0
-1.81725,-1.033,8.496,0.0
-1.818125,-1.036,8.495,0.0
-1.819,-1.039,8.494,0.0
-1.816625,-1.040125,8.492875,0.0
-1.81425,-1.04125,8.49175,0.0
-1.811875,-1.042375,8.490625,0.0
-1.8094999999999999,-1.0434999999999999,8.4895,0.0
-1.807125,-1.044625,8.488375,0.0
-1.80475,-1.04575,8.48725,0.0
-1.802375,-1.046875,8.486125,0.0
-1.8,-1.048,8.485,0.0
-1.7985,-1.047375,8.4835,0.0
-1.7970000000000002,-1.04675,8.482,0.0
-1.7955,-1.046125,8.4805,0.0
-1.794,-1.0455,8.479,0.0
-1.7925,-1.044875,8.477500000000001,0.0
-1.791,-1.04425,8.476,0.0
-1.7895,-1.043625,8.4745,0.0
-1.788,-1.043,8.473,0.0
-1.78975,-1.03975,8.466750000000001,0.0
-1.7915,-1.0365,8.4605,0.0
-1.79325,-1.03325,8.45425,0.0
-1.795,-1.0299999999999998,8.448,0.0
-1.79675,-1.0267499999999998,8.44175,0.0
-1.7985,-1.0234999999999999,8.435500000000001,0.0
-1.8002500000000001,-1.0202499999999999,8.42925,0.0
-1.802,-1.017,8.423,0.0
-1.801125,-1.0182499999999999,8.421125,0.0
-1.8002500000000001,-1.0194999999999999,8.41925,0.0
-1.799375,-1.0207499999999998,8.417375,0.0
-1.7985,-1.0219999999999998,8.4155,0.0
-1.797625,-1.02325,8.413625,0.0
-1.7967499999999998,-1.0245,8.41175,0.0
-1.7958749999999999,-1.02575,8.409875,0.0
-1.795,-1.027,8.408,0.0
-1.79775,-1.024875,8.400875,0.0
-1.8005,-1.0227499999999998,8.39375,0.0
-1.80325,-1.020625,8.386625,0.0
-1.806,-1.0185,8.3795,0.0
-1.8087499999999999,-1.016375,8.372375,0.0
-1.8114999999999999,-1.01425,8.36525,0.0
-1.81425,-1.012125,8.358125000000001,0.0
-1.817,-1.01,8.351,0.0
-1.8163749999999999,-1.010625,8.34225,0.0
-1.81575,-1.01125,8.3335,0.0
-1.815125,-1.0118749999999999,8.324750000000002,0.0
-1.8145,-1.0125,8.316,0.0
-1.813875,-1.013125,8.30725,0.0
-1.81325,-1.01375,8.2985,0.0
-1.8126250000000002,-1.0143749999999998,8.289750000000002,0.0
-1.812,-1.015,8.281,0.0
-1.812,-1.011625,8.277125,0.0
-1.812,-1.0082499999999999,8.27325,0.0
-1.812,-1.004875,8.269375,0.0
-1.812,-1.0015,8.2655,0.0
-1.812,-0.9981249999999999,8.261625,0.0
-1.812,-0.99475,8.25775,0.0
-1.812,-0.991375,8.253875,0.0
-1.812,-0.988,8.25,0.0
-1.81325,-0.988,8.238375,0.0
-1.8145,-0.988,8.22675,0.0
-1.81575,-0.988,8.215125,0.0
-1.8170000000000002,-0.988,8.2035,0.0
-1.8182500000000001,-0.988,8.191875,0.0
-1.8195000000000001,-0.988,8.180250000000001,0.0
-1.82075,-0.988,8.168625,0.0
-1.822,-0.988,8.157,0.0
-1.8222500000000001,-0.989875,8.14675,0.0
-1.8225,-0.9917499999999999,8.1365,0.0
-1.82275,-0.993625,8.126249999999999,0.0
-1.823,-0.9954999999999999,8.116,0.0
-1.82325,-0.9973749999999999,8.10575,0.0
-1.8235000000000001,-0.99925,8.0955,0.0
-1.82375,-1.0011249999999998,8.085249999999998,0.0
-1.824,-1.003,8.075,0.0
-1.8242500000000001,-1.0038749999999999,8.069624999999998,0.0
-1.8245,-1.00475,8.06425,0.0
-1.82475,-1.005625,8.058875,0.0
-1.8250000000000002,-1.0065,8.0535,0.0
-1.82525,-1.007375,8.048124999999999,0.0
-1.8255000000000001,-1.0082499999999999,8.04275,0.0
-1.82575,-1.009125,8.037375,0.0
-1.826,-1.01,8.032,0.0
-1.8255000000000001,-1.010625,8.016125,0.0
-1.8250000000000002,-1.01125,8.00025,0.0
-1.8245,-1.0118749999999999,7.984375,0.0
-1.824,-1.0125,7.968500000000001,0.0
-1.8235000000000001,-1.013125,7.952625,0.0
-1.823,-1.01375,7.93675,0.0
-1.8225,-1.0143749999999998,7.9208750000000006,0.0
-1.822,-1.015,7.905,0.0
-1.823125,-1.0154999999999998,7.890625,0.0
-1.8242500000000001,-1.016,7.876250000000001,0.0
-1.825375,-1.0165,7.861875,0.0
-1.8265,-1.017,7.8475,0.0
-1.827625,-1.0174999999999998,7.833125,0.0
-1.8287499999999999,-1.0179999999999998,7.81875,0.0
-1.829875,-1.0185,7.804375,0.0
-1.831,-1.019,7.79,0.0
-1.8307499999999999,-1.023,7.7835,0.0
-1.8305,-1.027,7.777,0.0
-1.83025,-1.031,7.7705,0.0
-1.83,-1.035,7.764,0.0
-1.82975,-1.039,7.7575,0.0
-1.8295,-1.043,7.751,0.0
-1.82925,-1.047,7.7445,0.0
-1.829,-1.051,7.738,0.0
-1.8283749999999999,-1.05125,7.7242500000000005,0.0
-1.82775,-1.0514999999999999,7.710500000000001,0.0
-1.827125,-1.05175,7.696750000000001,0.0
-1.8265,-1.052,7.683,0.0
-1.825875,-1.05225,7.66925,0.0
-1.82525,-1.0525,7.6555,0.0
-1.8246250000000002,-1.0527499999999999,7.64175,0.0
-1.824,-1.053,7.628,0.0
-1.826375,-1.05725,7.601875,0.0
-1.82875,-1.0614999999999999,7.57575,0.0
-1.8311250000000001,-1.06575,7.549625,0.0
-1.8335,-1.0699999999999998,7.5235,0.0
-1.835875,-1.07425,7.497375,0.0
-1.83825,-1.0785,7.4712499999999995,0.0
-1.840625,-1.0827499999999999,7.445125,0.0
-1.843,-1.087,7.419,0.0
-1.843,-1.087,7.419,0.0
-1.843,-1.087,7.419,0.0
-1.843,-1.087,7.419,0.0
-1.843,-1.087,7.419,0.0
-1.843,-1.087,7.419,0.0
-1.843,-1.087,7.419,0.0
-1.843,-1.087,7.419,0.0
-1.843,-1.087,7.419,0.0
-1.84575,-1.0859999999999999,7.411625,0.0
-1.8485,-1.085,7.404249999999999,0.0
-1.85125,-1.084,7.396875,0.0
-1.854,-1.083,7.3895,0.0
-1.85675,-1.0819999999999999,7.382125,0.0
-1.8595,-1.081,7.374750000000001,0.0
-1.86225,-1.08,7.367375,0.0
-1.865,-1.079,7.36,0.0
-1.8625,-1.077875,7.350625,0.0
-1.8599999999999999,-1.07675,7.3412500000000005,0.0
-1.8575,-1.075625,7.331875,0.0
-1.855,-1.0745,7.3225,0.0
-1.8525,-1.073375,7.313125,0.0
-1.85,-1.07225,7.30375,0.0
-1.8475,-1.071125,7.2943750000000005,0.0
-1.845,-1.07,7.285,0.0
-1.84625,-1.06875,7.27425,0.0
-1.8475,-1.0675000000000001,7.2635000000000005,0.0
-1.84875,-1.0662500000000001,7.25275,0.0
-1.85,-1.065,7.242,0.0
-1.85125,-1.06375,7.23125,0.0
-1.8525,-1.0625,7.2204999999999995,0.0
-1.85375,-1.06125,7.20975,0.0
-1.855,-1.06,7.199,0.0
-1.854125,-1.060875,7.192375,0.0
-1.85325,-1.06175,7.18575,0.0
-1.852375,-1.062625,7.179125,0.0
-1.8515000000000001,-1.0635,7.172499999999999,0.0
-1.850625,-1.064375,7.165875,0.0
-1.84975,-1.06525,7.15925,0.0
-1.848875,-1.066125,7.152625,0.0
-1.848,-1.067,7.146,0.0
-1.8471250000000001,-1.066125,7.13675,0.0
-1.84625,-1.06525,7.1274999999999995,0.0
-1.845375,-1.064375,7.11825,0.0
-1.8445,-1.0635,7.109,0.0
-1.843625,-1.062625,7.09975,0.0
-1.84275,-1.06175,7.0905000000000005,0.0
-1.841875,-1.060875,7.08125,0.0
-1.841,-1.06,7.072,0.0
-1.838875,-1.0618750000000001,7.062125,0.0
-1.8367499999999999,-1.06375,7.05225,0.0
-1.834625,-1.065625,7.042375,0.0
-1.8325,-1.0675,7.032500000000001,0.0
-1.830375,-1.069375,7.022625000000001,0.0
-1.8282500000000002,-1.07125,7.0127500000000005,0.0
-1.826125,-1.0731249999999999,7.002875,0.0
-1.824,-1.075,6.993,0.0
-1.824,-1.07525,6.987875000000001,0.0
-1.824,-1.0755,6.98275,0.0
-1.824,-1.07575,6.977625,0.0
-1.824,-1.076,6.9725,0.0
-1.824,-1.07625,6.9673750000000005,0.0
-1.824,-1.0765,6.96225,0.0
-1.824,-1.0767499999999999,6.957125,0.0
-1.824,-1.077,6.952,0.0
-1.81925,-1.07825,6.94125,0.0
-1.8145,-1.0795,6.9305,0.0
-1.80975,-1.0807499999999999,6.91975,0.0
-1.8050000000000002,-1.0819999999999999,6.909,0.0
-1.8002500000000001,-1.08325,6.89825,0.0
-1.7955,-1.0845,6.887499999999999,0.0
-1.79075,-1.08575,6.8767499999999995,0.0
-1.786,-1.087,6.866,0.0
-1.7850000000000001,-1.0855,6.8603749999999994,0.0
-1.784,-1.084,6.854749999999999,0.0
-1.783,-1.0825,6.849125,0.0
-1.782,-1.081,6.8435,0.0
-1.7810000000000001,-1.0795,6.8378749999999995,0.0
-1.78,-1.0779999999999998,6.83225,0.0
-1.779,-1.0765,6.826625,0.0
-1.778,-1.075,6.821,0.0
-1.775375,-1.07525,6.817375,0.0
-1.77275,-1.0755,6.81375,0.0
-1.770125,-1.07575,6.810124999999999,0.0
-1.7675,-1.076,6.8065,0.0
-1.764875,-1.07625,6.802875,0.0
-1.7622499999999999,-1.0765,6.79925,0.0
-1.759625,-1.0767499999999999,6.795624999999999,0.0
-1.757,-1.077,6.792,0.0
-1.7546249999999999,-1.073375,6.789,0.0
-1.7522499999999999,-1.06975,6.786,0.0
-1.7498749999999998,-1.066125,6.7829999999999995,0.0
-1.7475,-1.0625,6.779999999999999,0.0
-1.745125,-1.058875,6.777,0.0
-1.74275,-1.05525,6.774,0.0
-1.740375,-1.051625,6.771,0.0
-1.738,-1.048,6.768,0.0
-1.737125,-1.04775,6.761375,0.0
-1.73625,-1.0475,6.75475,0.0
-1.7353750000000001,-1.04725,6.748125,0.0
-1.7345000000000002,-1.0470000000000002,6.7415,0.0
-1.733625,-1.04675,6.734875,0.0
-1.73275,-1.0465,6.72825,0.0
-1.731875,-1.0462500000000001,6.7216249999999995,0.0
-1.731,-1.046,6.715,0.0
-1.73,-1.046,6.712,0.0
-1.729,-1.046,6.709,0.0
-1.7280000000000002,-1.046,6.7059999999999995,0.0
-1.727,-1.046,6.702999999999999,0.0
-1.726,-1.046,6.7,0.0
-1.725,-1.046,6.697,0.0
-1.7240000000000002,-1.046,6.694,0.0
-1.723,-1.046,6.691,0.0
-1.7240000000000002,-1.0430000000000001,6.688124999999999,0.0
-1.725,-1.04,6.68525,0.0
-1.726,-1.037,6.682375,0.0
-1.727,-1.034,6.6795,0.0
-1.7280000000000002,-1.0310000000000001,6.676625,0.0
-1.729,-1.028,6.67375,0.0
-1.73,-1.025,6.6708750000000006,0.0
-1.731,-1.022,6.668,0.0
-1.731,-1.021625,6.667375,0.0
-1.731,-1.02125,6.66675,0.0
-1.731,-1.020875,6.666125,0.0
-1.731,-1.0205,6.6655,0.0
-1.731,-1.020125,6.664875,0.0
-1.731,-1.01975,6.66425,0.0
-1.731,-1.019375,6.663625000000001,0.0
-1.731,-1.019,6.663,0.0
-1.730625,-1.0223749999999998,6.662625,0.0
-1.73025,-1.02575,6.66225,0.0
-1.729875,-1.029125,6.661875,0.0
-1.7295,-1.0325,6.6615,0.0
-1.729125,-1.0358749999999999,6.661125,0.0
-1.72875,-1.03925,6.66075,0.0
-1.728375,-1.0426250000000001,6.660375,0.0
-1.728,-1.046,6.66,0.0
-1.72625,-1.045625,6.654625,0.0
-1.7245,-1.04525,6.64925,0.0
-1.72275,-1.044875,6.643875,0.0
-1.721,-1.0445,6.6385000000000005,0.0
-1.71925,-1.044125,6.633125,0.0
-1.7175,-1.04375,6.62775,0.0
-1.7157499999999999,-1.043375,6.622375,0.0
-1.714,-1.043,6.617,0.0
-1.715125,-1.040625,6.614,0.0
-1.71625,-1.03825,6.611,0.0
-1.717375,-1.0358749999999999,6.608,0.0
-1.7185000000000001,-1.0335,6.605,0.0
-1.719625,-1.031125,6.602,0.0
-1.72075,-1.02875,6.599,0.0
-1.721875,-1.026375,6.596,0.0
-1.723,-1.024,6.593,0.0
-1.72425,-1.02075,6.59125,0.0
-1.7255,-1.0175,6.5895,0.0
-1.72675,-1.01425,6.58775,0.0
-1.7280000000000002,-1.0110000000000001,6.586,0.0
-1.7292500000000002,-1.00775,6.58425,0.0
-1.7305000000000001,-1.0045,6.5825,0.0
-1.7317500000000001,-1.00125,6.58075,0.0
-1.733,-0.998,6.579,0.0
-1.7312500000000002,-0.99775,6.576874999999999,0.0
-1.7295,-0.9975,6.57475,0.0
-1.7277500000000001,-0.99725,6.572625,0.0
-1.726,-0.997,6.5705,0.0
-1.72425,-0.99675,6.568375,0.0
-1.7225000000000001,-0.9964999999999999,6.56625,0.0
-1.72075,-0.99625,6.564125000000001,0.0
-1.719,-0.996,6.562,0.0
-1.7145000000000001,-0.996,6.559,0.0
-1.71,-0.996,6.556,0.0
-1.7055,-0.996,6.553,0.0
-1.701,-0.996,6.550000000000001,0.0
-1.6965000000000001,-0.996,6.547000000000001,0.0
-1.6920000000000002,-0.996,6.5440000000000005,0.0
-1.6875,-0.996,6.541,0.0
-1.683,-0.996,6.538,0.0
-1.6796250000000001,-0.995625,6.5302500000000006,0.0
-1.67625,-0.99525,6.5225,0.0
-1.672875,-0.994875,6.51475,0.0
-1.6695,-0.9944999999999999,6.507,0.0
-1.666125,-0.994125,6.49925,0.0
-1.66275,-0.99375,6.4915,0.0
-1.6593749999999998,-0.993375,6.48375,0.0
-1.656,-0.993,6.476,0.0
-1.65275,-0.993,6.4712499999999995,0.0
-1.6495,-0.993,6.4665,0.0
-1.64625,-0.993,6.46175,0.0
-1.6429999999999998,-0.993,6.457,0.0
-1.6397499999999998,-0.993,6.452249999999999,0.0
-1.6364999999999998,-0.993,6.4475,0.0
-1.6332499999999999,-0.993,6.44275,0.0
-1.63,-0.993,6.438,0.0
-1.62075,-0.99275,6.428625,0.0
-1.6115,-0.9924999999999999,6.41925,0.0
-1.60225,-0.99225,6.4098749999999995,0.0
-1.593,-0.992,6.4005,0.0
-1.58375,-0.99175,6.391125000000001,0.0
-1.5745,-0.9915,6.38175,0.0
-1.56525,-0.99125,6.372375,0.0
-1.556,-0.991,6.363,0.0
-1.54875,-0.994,6.351125000000001,0.0
-1.5415,-0.997,6.33925,0.0
-1.5342500000000001,-1.0,6.327375,0.0
-1.5270000000000001,-1.003,6.3155,0.0
-1.51975,-1.006,6.303625,0.0
-1.5125,-1.009,6.29175,0.0
-1.50525,-1.012,6.279875,0.0
-1.498,-1.015,6.268,0.0
-1.49325,-1.0179999999999998,6.26525,0.0
-1.4885,-1.021,6.2625,0.0
-1.48375,-1.024,6.25975,0.0
-1.479,-1.027,6.257,0.0
-1.47425,-1.0299999999999998,6.25425,0.0
-1.4695,-1.033,6.2515,0.0
-1.46475,-1.036,6.24875,0.0
-1.46,-1.039,6.246,0.0
-1.45225,-1.0425,6.236125,0.0
-1.4445,-1.0459999999999998,6.22625,0.0
-1.43675,-1.0494999999999999,6.216375,0.0
-1.4289999999999998,-1.053,6.2065,0.0
-1.42125,-1.0565,6.196625,0.0
-1.4135,-1.06,6.18675,0.0
-1.4057499999999998,-1.0635,6.176875,0.0
-1.398,-1.067,6.167,0.0
-1.3892499999999999,-1.0691249999999999,6.1545,0.0
-1.3805,-1.07125,6.1419999999999995,0.0
-1.37175,-1.073375,6.1295,0.0
-1.363,-1.0755,6.117,0.0
-1.35425,-1.077625,6.1045,0.0
-1.3455,-1.07975,6.0920000000000005,0.0
-1.33675,-1.0818750000000001,6.0795,0.0
-1.328,-1.084,6.067,0.0
-1.3178750000000001,-1.0906250000000002,6.046875,0.0
-1.30775,-1.09725,6.02675,0.0
-1.297625,-1.103875,6.006625,0.0
-1.2875,-1.1105,5.9864999999999995,0.0
-1.2773750000000001,-1.1171250000000001,5.966375,0.0
-1.2672500000000002,-1.12375,5.94625,0.0
-1.257125,-1.130375,5.926125,0.0
-1.247,-1.137,5.906,0.0
-1.247,-1.137,5.906,0.0
-1.247,-1.137,5.906,0.0
-1.247,-1.137,5.906,0.0
-1.247,-1.137,5.906,0.0
-1.247,-1.137,5.906,0.0
-1.247,-1.137,5.906,0.0
-1.247,-1.137,5.906,0.0
-1.247,-1.137,5.906,0.0
-1.24075,-1.13875,5.8931249999999995,0.0
-1.2345000000000002,-1.1405,5.88025,0.0
-1.22825,-1.14225,5.867375,0.0
-1.222,-1.1440000000000001,5.8545,0.0
-1.21575,-1.14575,5.841625,0.0
-1.2095,-1.1475,5.828749999999999,0.0
-1.2032500000000002,-1.14925,5.815875,0.0
-1.197,-1.151,5.803,0.0
-1.193375,-1.151375,5.7925,0.0
-1.18975,-1.15175,5.782,0.0
-1.186125,-1.152125,5.7715,0.0
-1.1825,-1.1524999999999999,5.761,0.0
-1.178875,-1.1528749999999999,5.750500000000001,0.0
-1.17525,-1.1532499999999999,5.74,0.0
-1.171625,-1.153625,5.7295,0.0
-1.168,-1.154,5.719,0.0
-1.16075,-1.156625,5.7002500000000005,0.0
-1.1535,-1.15925,5.6815,0.0
-1.14625,-1.161875,5.66275,0.0
-1.139,-1.1644999999999999,5.644,0.0
-1.13175,-1.167125,5.62525,0.0
-1.1245,-1.16975,5.6065000000000005,0.0
-1.11725,-1.172375,5.58775,0.0
-1.11,-1.175,5.569,0.0
-1.100125,-1.178,5.5486249999999995,0.0
-1.0902500000000002,-1.181,5.52825,0.0
-1.080375,-1.1840000000000002,5.507875,0.0
-1.0705,-1.187,5.4875,0.0
-1.060625,-1.19,5.467124999999999,0.0
-1.0507499999999999,-1.193,5.44675,0.0
-1.040875,-1.1960000000000002,5.426375,0.0
-1.031,-1.199,5.406,0.0
-1.0271249999999998,-1.202,5.396999999999999,0.0
-1.02325,-1.205,5.388,0.0
-1.019375,-1.2080000000000002,5.379,0.0
-1.0154999999999998,-1.211,5.369999999999999,0.0
-1.011625,-1.214,5.361,0.0
-1.00775,-1.217,5.351999999999999,0.0
-1.003875,-1.2200000000000002,5.343,0.0
-1.0,-1.223,5.334,0.0
-0.99075,-1.2281250000000001,5.3145,0.0
-0.9815,-1.23325,5.295,0.0
-0.9722500000000001,-1.238375,5.2755,0.0
-0.9630000000000001,-1.2435,5.256,0.0
-0.95375,-1.248625,5.2364999999999995,0.0
-0.9445,-1.2537500000000001,5.217,0.0
-0.93525,-1.258875,5.1975,0.0
-0.926,-1.264,5.178,0.0
-0.917,-1.274125,5.15625,0.0
-0.908,-1.2842500000000001,5.1345,0.0
-0.899,-1.294375,5.11275,0.0
-0.89,-1.3045,5.090999999999999,0.0
-0.881,-1.314625,5.069249999999999,0.0
-0.872,-1.3247499999999999,5.047499999999999,0.0
-0.863,-1.334875,5.0257499999999995,0.0
-0.854,-1.345,5.004,0.0
-0.848,-1.348875,4.9952499999999995,0.0
-0.842,-1.35275,4.9864999999999995,0.0
-0.836,-1.356625,4.9777499999999995,0.0
-0.8300000000000001,-1.3605,4.968999999999999,0.0
-0.8240000000000001,-1.364375,4.96025,0.0
-0.8180000000000001,-1.36825,4.9515,0.0
-0.812,-1.3721249999999998,4.94275,0.0
-0.806,-1.376,4.934,0.0
-0.7967500000000001,-1.3924999999999998,4.917875,0.0
-0.7875000000000001,-1.4089999999999998,4.90175,0.0
-0.77825,-1.4255,4.885625,0.0
-0.769,-1.442,4.8695,0.0
-0.75975,-1.4585,4.853375,0.0
-0.7505,-1.475,4.83725,0.0
-0.74125,-1.4915,4.821124999999999,0.0
-0.732,-1.508,4.805,0.0
-0.720625,-1.5265,4.7921249999999995,0.0
-0.7092499999999999,-1.545,4.779249999999999,0.0
-0.697875,-1.5635,4.766375,0.0
-0.6865,-1.5819999999999999,4.7535,0.0
-0.675125,-1.6005,4.740625,0.0
-0.6637500000000001,-1.619,4.72775,0.0
-0.652375,-1.6375,4.714875,0.0
-0.641,-1.656,4.702,0.0
-0.635625,-1.6688749999999999,4.69625,0.0
-0.63025,-1.6817499999999999,4.6905,0.0
-0.624875,-1.6946249999999998,4.68475,0.0
-0.6194999999999999,-1.7075,4.679,0.0
-0.614125,-1.720375,4.6732499999999995,0.0
-0.60875,-1.73325,4.6674999999999995,0.0
-0.603375,-1.746125,4.66175,0.0
-0.598,-1.759,4.656,0.0
-0.586875,-1.782125,4.646125,0.0
-0.57575,-1.80525,4.6362499999999995,0.0
-0.5646249999999999,-1.8283749999999999,4.6263749999999995,0.0
-0.5535,-1.8515,4.6165,0.0
-0.542375,-1.874625,4.606625,0.0
-0.53125,-1.8977499999999998,4.59675,0.0
-0.520125,-1.9208749999999999,4.586875,0.0
-0.509,-1.944,4.577,0.0
-0.49825,-1.964,4.572875,0.0
-0.4875,-1.984,4.56875,0.0
-0.47675,-2.004,4.5646249999999995,0.0
-0.46599999999999997,-2.024,4.560499999999999,0.0
-0.45525,-2.044,4.556375,0.0
-0.4445,-2.064,4.55225,0.0
-0.43374999999999997,-2.084,4.548125,0.0
-0.423,-2.104,4.544,0.0
-0.409875,-2.1295,4.53825,0.0
-0.39675,-2.1550000000000002,4.5325,0.0
-0.383625,-2.1805,4.52675,0.0
-0.3705,-2.206,4.521,0.0
-0.357375,-2.2315,4.51525,0.0
-0.34425,-2.2569999999999997,4.5095,0.0
-0.331125,-2.2824999999999998,4.50375,0.0
-0.318,-2.308,4.498,0.0
-0.312875,-2.3198749999999997,4.496,0.0
-0.30775,-2.33175,4.494,0.0
-0.30262500000000003,-2.343625,4.492,0.0
-0.2975,-2.3555,4.49,0.0
-0.292375,-2.367375,4.488,0.0
-0.28725,-2.37925,4.486000000000001,0.0
-0.282125,-2.391125,4.484,0.0
-0.277,-2.403,4.482,0.0
-0.269,-2.4225,4.4822500000000005,0.0
-0.261,-2.442,4.4825,0.0
-0.253,-2.4615,4.48275,0.0
-0.245,-2.481,4.4830000000000005,0.0
-0.237,-2.5005,4.48325,0.0
-0.229,-2.52,4.4835,0.0
-0.221,-2.5395000000000003,4.48375,0.0
-0.213,-2.559,4.484,0.0
-0.209625,-2.576375,4.483125,0.0
-0.20625,-2.59375,4.4822500000000005,0.0
-0.202875,-2.611125,4.481375,0.0
-0.1995,-2.6285,4.4805,0.0
-0.196125,-2.645875,4.479625,0.0
-0.19275,-2.66325,4.47875,0.0
-0.189375,-2.680625,4.477875,0.0
-0.186,-2.698,4.477,0.0
-0.183,-2.7055,4.480875,0.0
-0.18,-2.713,4.48475,0.0
-0.177,-2.7205,4.488625,0.0
-0.174,-2.7279999999999998,4.4925,0.0
-0.171,-2.7355,4.4963750000000005,0.0
-0.168,-2.743,4.50025,0.0
-0.165,-2.7505,4.504125,0.0
-0.162,-2.758,4.508,0.0
-0.163875,-2.7723750000000003,4.5215,0.0
-0.16575,-2.78675,4.535,0.0
-0.167625,-2.801125,4.5485,0.0
-0.16949999999999998,-2.8155,4.561999999999999,0.0
-0.171375,-2.8298750000000004,4.5755,0.0
-0.17325,-2.84425,4.5889999999999995,0.0
-0.175125,-2.858625,4.6025,0.0
-0.177,-2.873,4.616,0.0
-0.18237499999999998,-2.88225,4.63425,0.0
-0.18775,-2.8915,4.6525,0.0
-0.193125,-2.9007500000000004,4.67075,0.0
-0.1985,-2.91,4.689,0.0
-0.203875,-2.91925,4.707249999999999,0.0
-0.20925,-2.9285,4.725499999999999,0.0
-0.214625,-2.9377500000000003,4.7437499999999995,0.0
-0.22,-2.947,4.762,0.0
-1.030375,-2.8305000000000002,11.006874999999999,0.0
-1.84075,-2.714,17.251749999999998,0.0
-2.6511250000000004,-2.5975,23.496624999999998,0.0
-3.4615000000000005,-2.481,29.7415,0.0
-4.2718750000000005,-2.3645,35.986374999999995,0.0
-5.08225,-2.248,42.231249999999996,0.0
-5.892625,-2.1315,48.476124999999996,0.0
-6.703,-2.015,54.721,0.0
-7.755375000000001,-2.427125,57.009625,0.0
-8.80775,-2.8392500000000003,59.298249999999996,0.0
-9.860125,-3.2513750000000003,61.586875,0.0
-10.912500000000001,-3.6635,63.8755,0.0
-11.964875,-4.0756250000000005,66.164125,0.0
-13.01725,-4.48775,68.45275,0.0
-14.069625000000002,-4.899875,70.741375,0.0
-15.122,-5.312,73.03,0.0
-14.08525,-5.126250000000001,67.612,0.0
-13.0485,-4.9405,62.194,0.0
-12.01175,-4.7547500000000005,56.775999999999996,0.0
-10.975,-4.569,51.358000000000004,0.0
-9.93825,-4.38325,45.94,0.0
-8.901499999999999,-4.1975,40.522,0.0
-7.864749999999999,-4.01175,35.104,0.0
-6.828,-3.826,29.686,0.0
-6.4967500000000005,-3.7403750000000002,28.088375,0.0
-6.1655,-3.65475,26.49075,0.0
-5.83425,-3.569125,24.893125,0.0
-5.503,-3.4835000000000003,23.2955,0.0
-5.17175,-3.397875,21.697875,0.0
-4.8405000000000005,-3.31225,20.100250000000003,0.0
-4.50925,-3.2266250000000003,18.502625000000002,0.0
-4.178,-3.141,16.905,0.0
-3.78525,-2.983,15.488500000000002,0.0
-3.3925,-2.825,14.072000000000001,0.0
-2.9997499999999997,-2.667,12.6555,0.0
-2.607,-2.509,11.239,0.0
-2.21425,-2.351,9.822500000000002,0.0
-1.8215,-2.193,8.406,0.0
-1.42875,-2.035,6.9895,0.0
-1.036,-1.877,5.573,0.0
-1.238375,-1.849125,7.075125,0.0
-1.44075,-1.82125,8.57725,0.0
-1.643125,-1.793375,10.079375,0.0
-1.8455,-1.7654999999999998,11.5815,0.0
-2.047875,-1.737625,13.083625,0.0
-2.25025,-1.7097499999999999,14.58575,0.0
-2.452625,-1.681875,16.087875,0.0
-2.655,-1.654,17.59,0.0
-2.7965,-1.6977499999999999,18.007875,0.0
-2.9379999999999997,-1.7414999999999998,18.42575,0.0
-3.0795,-1.78525,18.843625,0.0
-3.221,-1.829,19.261499999999998,0.0
-3.3625,-1.87275,19.679375,0.0
-3.504,-1.9165,20.09725,0.0
-3.6455,-1.96025,20.515125,0.0
-3.787,-2.004,20.933,0.0
-3.50475,-1.986625,19.790875,0.0
-3.2225,-1.96925,18.64875,0.0
-2.94025,-1.951875,17.506625,0.0
-2.658,-1.9344999999999999,16.3645,0.0
-2.37575,-1.917125,15.222375,0.0
-2.0934999999999997,-1.89975,14.08025,0.0
-1.8112499999999998,-1.882375,12.938125,0.0
-1.529,-1.865,11.796,0.0
-1.73375,-1.93325,11.78825,0.0
-1.9385,-2.0015,11.7805,0.0
-2.14325,-2.06975,11.77275,0.0
-2.348,-2.138,11.765,0.0
-2.5527499999999996,-2.20625,11.757249999999999,0.0
-2.7575,-2.2745,11.7495,0.0
-2.96225,-2.34275,11.74175,0.0
-3.167,-2.411,11.734,0.0
-3.1236249999999997,-2.407375,11.686125,0.0
-3.08025,-2.40375,11.63825,0.0
-3.0368749999999998,-2.400125,11.590375,0.0
-2.9935,-2.3965,11.5425,0.0
-2.950125,-2.392875,11.494625000000001,0.0
-2.9067499999999997,-2.38925,11.446750000000002,0.0
-2.863375,-2.385625,11.398875,0.0
-2.82,-2.382,11.351,0.0
-2.799625,-2.372375,11.166625,0.0
-2.7792499999999998,-2.36275,10.98225,0.0
-2.7588749999999997,-2.3531250000000004,10.797875000000001,0.0
-2.7385,-2.3435,10.6135,0.0
-2.718125,-2.333875,10.429124999999999,0.0
-2.69775,-2.32425,10.24475,0.0
-2.677375,-2.3146250000000004,10.060375,0.0
-2.657,-2.305,9.876,0.0
-2.7705,-2.302375,10.025625,0.0
-2.884,-2.29975,10.17525,0.0
-2.9975,-2.297125,10.324875,0.0
-3.1109999999999998,-2.2945,10.474499999999999,0.0
-3.2245,-2.291875,10.624125,0.0
-3.338,-2.28925,10.77375,0.0
-3.4515000000000002,-2.286625,10.923375,0.0
-3.565,-2.284,11.073,0.0
-3.556,-2.26875,11.170875,0.0
-3.5469999999999997,-2.2535,11.26875,0.0
-3.538,-2.23825,11.366625,0.0
-3.529,-2.223,11.464500000000001,0.0
-3.52,-2.20775,11.562375,0.0
-3.511,-2.1925,11.66025,0.0
-3.502,-2.17725,11.758125,0.0
-3.493,-2.162,11.856,0.0
-3.49475,-2.14275,11.610875,0.0
-3.4965,-2.1235,11.36575,0.0
-3.49825,-2.10425,11.120625,0.0
-3.5,-2.085,10.875499999999999,0.0
-3.50175,-2.06575,10.630374999999999,0.0
-3.5035,-2.0465,10.38525,0.0
-3.50525,-2.02725,10.140125,0.0
-3.507,-2.008,9.895,0.0
-3.541125,-1.991,10.06175,0.0
-3.57525,-1.974,10.2285,0.0
-3.609375,-1.957,10.395249999999999,0.0
-3.6435,-1.94,10.562,0.0
-3.677625,-1.923,10.72875,0.0
-3.71175,-1.9060000000000001,10.895499999999998,0.0
-3.745875,-1.889,11.062249999999999,0.0
-3.78,-1.872,11.229,0.0
-3.7323749999999998,-1.8426250000000002,11.01675,0.0
-3.6847499999999997,-1.81325,10.804499999999999,0.0
-3.6371249999999997,-1.783875,10.59225,0.0
-3.5895,-1.7545000000000002,10.379999999999999,0.0
-3.541875,-1.725125,10.16775,0.0
-3.49425,-1.69575,9.9555,0.0
-3.446625,-1.666375,9.74325,0.0
-3.399,-1.637,9.531,0.0
-3.46575,-1.631625,9.611500000000001,0.0
-3.5324999999999998,-1.62625,9.692,0.0
-3.59925,-1.620875,9.7725,0.0
-3.666,-1.6155,9.853000000000002,0.0
-3.73275,-1.610125,9.9335,0.0
-3.7995,-1.6047500000000001,10.014000000000001,0.0
-3.86625,-1.599375,10.0945,0.0
-3.933,-1.594,10.175,0.0
-3.8533749999999998,-1.580875,10.12325,0.0
-3.7737499999999997,-1.5677500000000002,10.0715,0.0
-3.6941249999999997,-1.5546250000000001,10.01975,0.0
-3.6144999999999996,-1.5415,9.968,0.0
-3.534875,-1.528375,9.91625,0.0
-3.45525,-1.51525,9.8645,0.0
-3.375625,-1.5021250000000002,9.81275,0.0
-3.296,-1.489,9.761,0.0
-3.296375,-1.5075,9.88875,0.0
-3.29675,-1.526,10.016499999999999,0.0
-3.297125,-1.5445,10.14425,0.0
-3.2975,-1.5630000000000002,10.271999999999998,0.0
-3.297875,-1.5815000000000001,10.39975,0.0
-3.29825,-1.6,10.5275,0.0
-3.298625,-1.6185,10.655249999999999,0.0
-3.299,-1.637,10.783,0.0
-3.286375,-1.638875,10.880875,0.0
-3.2737499999999997,-1.64075,10.97875,0.0
-3.261125,-1.642625,11.076625,0.0
-3.2485,-1.6444999999999999,11.1745,0.0
-3.235875,-1.646375,11.272375,0.0
-3.22325,-1.64825,11.37025,0.0
-3.210625,-1.6501249999999998,11.468125,0.0
-3.198,-1.652,11.566,0.0
-3.1494999999999997,-1.6537499999999998,11.4745,0.0
-3.101,-1.6555,11.383000000000001,0.0
-3.0525,-1.65725,11.291500000000001,0.0
-3.004,-1.6589999999999998,11.2,0.0
-2.9555,-1.66075,11.1085,0.0
-2.907,-1.6624999999999999,11.017,0.0
-2.8585000000000003,-1.66425,10.9255,0.0
-2.81,-1.666,10.834,0.0
-2.818125,-1.68725,10.998249999999999,0.0
-2.82625,-1.7085,11.1625,0.0
-2.834375,-1.72975,11.32675,0.0
-2.8425000000000002,-1.751,11.491,0.0
-2.850625,-1.77225,11.655249999999999,0.0
-2.85875,-1.7935,11.8195,0.0
-2.866875,-1.81475,11.98375,0.0
-2.875,-1.836,12.148,0.0
-2.834625,-1.841375,12.0915,0.0
-2.79425,-1.8467500000000001,12.035,0.0
-2.753875,-1.852125,11.9785,0.0
-2.7135,-1.8575,11.922,0.0
-2.673125,-1.862875,11.865499999999999,0.0
-2.63275,-1.86825,11.809,0.0
-2.592375,-1.873625,11.7525,0.0
-2.552,-1.879,11.696,0.0
-2.531625,-1.9125,11.66,0.0
-2.51125,-1.946,11.623999999999999,0.0
-2.490875,-1.9794999999999998,11.588,0.0
-2.4705,-2.013,11.552,0.0
-2.450125,-2.0465,11.516,0.0
-2.42975,-2.08,11.48,0.0
-2.409375,-2.1134999999999997,11.443999999999999,0.0
-2.389,-2.147,11.408,0.0
-2.354625,-2.159,11.422749999999999,0.0
-2.3202499999999997,-2.171,11.4375,0.0
-2.285875,-2.183,11.45225,0.0
-2.2515,-2.195,11.466999999999999,0.0
-2.217125,-2.207,11.48175,0.0
-2.18275,-2.219,11.4965,0.0
-2.1483749999999997,-2.231,11.51125,0.0
-2.114,-2.243,11.526,0.0
-2.0938749999999997,-2.25075,11.4595,0.0
-2.07375,-2.2584999999999997,11.393,0.0
-2.053625,-2.26625,11.3265,0.0
-2.0335,-2.274,11.26,0.0
-2.013375,-2.28175,11.1935,0.0
-1.99325,-2.2895000000000003,11.126999999999999,0.0
-1.973125,-2.29725,11.0605,0.0
-1.953,-2.305,10.994,0.0
-1.970375,-2.325375,11.123625,0.0
-1.9877500000000001,-2.3457500000000002,11.25325,0.0
-2.005125,-2.3661250000000003,11.382875,0.0
-2.0225,-2.3865,11.5125,0.0
-2.039875,-2.406875,11.642125,0.0
-2.0572500000000002,-2.42725,11.77175,0.0
-2.074625,-2.447625,11.901375,0.0
-2.092,-2.468,12.031,0.0
-2.0525,-2.486875,11.936125,0.0
-2.013,-2.50575,11.84125,0.0
-1.9735,-2.524625,11.746375,0.0
-1.9340000000000002,-2.5435,11.6515,0.0
-1.8945,-2.5623750000000003,11.556625,0.0
-1.855,-2.5812500000000003,11.46175,0.0
-1.8155000000000001,-2.6001250000000002,11.366875,0.0
-1.776,-2.619,11.272,0.0
-1.78375,-2.633,11.294125000000001,0.0
-1.7915,-2.6470000000000002,11.31625,0.0
-1.79925,-2.661,11.338375,0.0
-1.807,-2.675,11.3605,0.0
-1.81475,-2.689,11.382625,0.0
-1.8225,-2.703,11.40475,0.0
-1.8302500000000002,-2.717,11.426874999999999,0.0
-1.838,-2.731,11.449,0.0
-1.842875,-2.736125,11.54025,0.0
-1.84775,-2.74125,11.631499999999999,0.0
-1.852625,-2.746375,11.72275,0.0
-1.8575,-2.7515,11.814,0.0
-1.8623750000000001,-2.7566249999999997,11.90525,0.0
-1.86725,-2.7617499999999997,11.996500000000001,0.0
-1.872125,-2.7668749999999998,12.08775,0.0
-1.877,-2.772,12.179,0.0
-1.894875,-2.7675,12.132875,0.0
-1.91275,-2.763,12.08675,0.0
-1.930625,-2.7584999999999997,12.040625,0.0
-1.9485000000000001,-2.754,11.9945,0.0
-1.966375,-2.7495000000000003,11.948375,0.0
-1.98425,-2.745,11.90225,0.0
-2.002125,-2.7405,11.856125,0.0
-2.02,-2.736,11.81,0.0
-2.028375,-2.7270000000000003,11.857000000000001,0.0
-2.03675,-2.718,11.904,0.0
-2.045125,-2.709,11.951,0.0
-2.0535,-2.7,11.998000000000001,0.0
-2.061875,-2.6910000000000003,12.045,0.0
-2.07025,-2.6820000000000004,12.092,0.0
-2.078625,-2.673,12.139,0.0
-2.087,-2.664,12.186,0.0
-2.075625,-2.6580000000000004,12.07475,0.0
-2.0642500000000004,-2.652,11.9635,0.0
-2.0528750000000002,-2.646,11.85225,0.0
-2.0415,-2.64,11.741,0.0
-2.030125,-2.6340000000000003,11.62975,0.0
-2.01875,-2.628,11.5185,0.0
-2.007375,-2.622,11.40725,0.0
-1.996,-2.616,11.296,0.0
-2.0092499999999998,-2.606125,11.324375,0.0
-2.0225,-2.59625,11.35275,0.0
-2.03575,-2.586375,11.381124999999999,0.0
-2.049,-2.5765000000000002,11.4095,0.0
-2.0622499999999997,-2.566625,11.437875,0.0
-2.0755,-2.55675,11.466249999999999,0.0
-2.08875,-2.546875,11.494625,0.0
-2.102,-2.537,11.523,0.0
-2.0917499999999998,-2.530125,11.5135,0.0
-2.0815,-2.52325,11.504,0.0
-2.07125,-2.516375,11.494499999999999,0.0
-2.061,-2.5095,11.485,0.0
-2.05075,-2.502625,11.4755,0.0
-2.0404999999999998,-2.49575,11.466,0.0
-2.03025,-2.488875,11.456499999999998,0.0
-2.02,-2.482,11.447,0.0
-2.0185,-2.4613750000000003,11.361999999999998,0.0
-2.017,-2.4407500000000004,11.277,0.0
-2.0155,-2.420125,11.192,0.0
-2.0140000000000002,-2.3995,11.107,0.0
-2.0125,-2.3788750000000003,11.021999999999998,0.0
-2.011,-2.35825,10.937,0.0
-2.0095,-2.337625,10.852,0.0
-2.008,-2.317,10.767,0.0
-2.03225,-2.296125,10.831249999999999,0.0
-2.0564999999999998,-2.27525,10.8955,0.0
-2.08075,-2.254375,10.95975,0.0
-2.105,-2.2335000000000003,11.024000000000001,0.0
-2.12925,-2.212625,11.08825,0.0
-2.1535,-2.19175,11.1525,0.0
-2.17775,-2.170875,11.216750000000001,0.0
-2.202,-2.15,11.281,0.0
-2.199875,-2.14125,11.228375,0.0
-2.19775,-2.1325,11.17575,0.0
-2.195625,-2.12375,11.123125,0.0
-2.1935000000000002,-2.115,11.0705,0.0
-2.191375,-2.10625,11.017875,0.0
-2.18925,-2.0975,10.96525,0.0
-2.187125,-2.08875,10.912625,0.0
-2.185,-2.08,10.86,0.0
-2.2102500000000003,-2.039875,10.828875,0.0
-2.2355,-1.9997500000000001,10.79775,0.0
-2.26075,-1.959625,10.766625,0.0
-2.286,-1.9195,10.7355,0.0
-2.3112500000000002,-1.879375,10.704375,0.0
-2.3365,-1.8392499999999998,10.67325,0.0
-2.36175,-1.7991249999999999,10.642125,0.0
-2.387,-1.759,10.611,0.0
-2.387,-1.759,10.611,0.0
-2.387,-1.759,10.611,0.0
-2.387,-1.759,10.611,0.0
-2.387,-1.759,10.611,0.0
-2.387,-1.759,10.611,0.0
-2.387,-1.759,10.611,0.0
-2.387,-1.759,10.611,0.0
-2.387,-1.759,10.611,0.0
-2.4025,-1.74975,10.607375000000001,0.0
-2.418,-1.7405,10.603750000000002,0.0
-2.4335,-1.73125,10.600125,0.0
-2.449,-1.722,10.5965,0.0
-2.4645,-1.71275,10.592875000000001,0.0
-2.48,-1.7035,10.58925,0.0
-2.4955000000000003,-1.69425,10.585625,0.0
-2.511,-1.685,10.582,0.0
-2.51275,-1.679875,10.566500000000001,0.0
-2.5145,-1.67475,10.551,0.0
-2.51625,-1.669625,10.5355,0.0
-2.518,-1.6644999999999999,10.52,0.0
-2.51975,-1.659375,10.5045,0.0
-2.5215,-1.65425,10.489,0.0
-2.52325,-1.649125,10.4735,0.0
-2.525,-1.644,10.458,0.0
-2.5385,-1.633875,10.455875,0.0
-2.552,-1.6237499999999998,10.45375,0.0
-2.5655,-1.6136249999999999,10.451625,0.0
-2.5789999999999997,-1.6035,10.4495,0.0
-2.5925,-1.593375,10.447375000000001,0.0
-2.606,-1.58325,10.445250000000001,0.0
-2.6195,-1.5731249999999999,10.443125,0.0
-2.633,-1.563,10.441,0.0
-2.6422499999999998,-1.55975,10.417625000000001,0.0
-2.6515,-1.5565,10.39425,0.0
-2.66075,-1.55325,10.370875,0.0
-2.67,-1.5499999999999998,10.3475,0.0
-2.6792499999999997,-1.5467499999999998,10.324125,0.0
-2.6885,-1.5434999999999999,10.30075,0.0
-2.69775,-1.54025,10.277375,0.0
-2.707,-1.537,10.254,0.0
-2.7097499999999997,-1.5387499999999998,10.244125,0.0
-2.7125,-1.5405,10.23425,0.0
-2.71525,-1.54225,10.224375,0.0
-2.718,-1.544,10.214500000000001,0.0
-2.72075,-1.54575,10.204625,0.0
-2.7235,-1.5474999999999999,10.19475,0.0
-2.7262500000000003,-1.54925,10.184875,0.0
-2.729,-1.551,10.175,0.0
-2.723,-1.550125,10.199875,0.0
-2.717,-1.54925,10.22475,0.0
-2.7110000000000003,-1.548375,10.249625,0.0
-2.705,-1.5474999999999999,10.2745,0.0
-2.699,-1.546625,10.299375000000001,0.0
-2.693,-1.54575,10.324250000000001,0.0
-2.6870000000000003,-1.544875,10.349125,0.0
-2.681,-1.544,10.374,0.0
-2.676875,-1.5466250000000001,10.327875,0.0
-2.67275,-1.54925,10.28175,0.0
-2.668625,-1.551875,10.235625,0.0
-2.6645000000000003,-1.5545,10.1895,0.0
-2.660375,-1.557125,10.143375,0.0
-2.65625,-1.55975,10.09725,0.0
-2.6521250000000003,-1.5623749999999998,10.051125,0.0
-2.648,-1.565,10.005,0.0
-2.645,-1.5671249999999999,9.990375,0.0
-2.6420000000000003,-1.56925,9.975750000000001,0.0
-2.6390000000000002,-1.571375,9.961125000000001,0.0
-2.636,-1.5735000000000001,9.9465,0.0
-2.633,-1.575625,9.931875,0.0
-2.63,-1.57775,9.91725,0.0
-2.6270000000000002,-1.5798750000000001,9.902625,0.0
-2.624,-1.582,9.888,0.0
-2.61825,-1.5871250000000001,9.91375,0.0
-2.6125,-1.59225,9.939499999999999,0.0
-2.60675,-1.597375,9.96525,0.0
-2.601,-1.6025,9.991,0.0
-2.59525,-1.607625,10.01675,0.0
-2.5895,-1.6127500000000001,10.0425,0.0
-2.5837499999999998,-1.617875,10.068249999999999,0.0
-2.578,-1.623,10.094,0.0
-2.57475,-1.622375,10.031749999999999,0.0
-2.5715,-1.62175,9.9695,0.0
-2.56825,-1.6211250000000001,9.90725,0.0
-2.565,-1.6205,9.844999999999999,0.0
-2.56175,-1.619875,9.78275,0.0
-2.5585,-1.61925,9.7205,0.0
-2.55525,-1.6186250000000002,9.65825,0.0
-2.552,-1.618,9.596,0.0
-2.5505,-1.620125,9.587875,0.0
-2.549,-1.6222500000000002,9.57975,0.0
-2.5475,-1.6243750000000001,9.571625000000001,0.0
-2.5460000000000003,-1.6265,9.563500000000001,0.0
-2.5445,-1.628625,9.555375,0.0
-2.543,-1.63075,9.54725,0.0
-2.5415,-1.632875,9.539125,0.0
-2.54,-1.635,9.531,0.0
-2.534625,-1.634375,9.566625,0.0
-2.52925,-1.63375,9.602250000000002,0.0
-2.523875,-1.633125,9.637875000000001,0.0
-2.5185,-1.6324999999999998,9.6735,0.0
-2.513125,-1.631875,9.709125,0.0
-2.5077499999999997,-1.6312499999999999,9.74475,0.0
-2.502375,-1.630625,9.780375000000001,0.0
-2.497,-1.63,9.816,0.0
-2.495125,-1.62675,9.799000000000001,0.0
-2.4932499999999997,-1.6235,9.782,0.0
-2.491375,-1.62025,9.765,0.0
-2.4895,-1.617,9.748000000000001,0.0
-2.487625,-1.61375,9.731,0.0
-2.4857500000000003,-1.6105,9.714,0.0
-2.4838750000000003,-1.60725,9.697,0.0
-2.482,-1.604,9.68,0.0
-2.4781250000000004,-1.600625,9.697875,0.0
-2.47425,-1.59725,9.71575,0.0
-2.470375,-1.5938750000000002,9.733625,0.0
-2.4665,-1.5905,9.7515,0.0
-2.462625,-1.587125,9.769375,0.0
-2.45875,-1.58375,9.78725,0.0
-2.454875,-1.580375,9.805125,0.0
-2.451,-1.577,9.823,0.0
-2.44925,-1.5725,9.849625,0.0
-2.4475,-1.568,9.87625,0.0
-2.44575,-1.5635,9.902875,0.0
-2.444,-1.559,9.9295,0.0
-2.44225,-1.5545,9.956125,0.0
-2.4405,-1.5499999999999998,9.98275,0.0
-2.4387499999999998,-1.5454999999999999,10.009375,0.0
-2.437,-1.541,10.036,0.0
-2.4339999999999997,-1.539,10.065624999999999,0.0
-2.431,-1.537,10.09525,0.0
-2.428,-1.535,10.124875,0.0
-2.425,-1.533,10.154499999999999,0.0
-2.4219999999999997,-1.531,10.184125,0.0
-2.4189999999999996,-1.529,10.21375,0.0
-2.416,-1.527,10.243375,0.0
-2.413,-1.525,10.273,0.0
-2.40975,-1.520125,10.306875,0.0
-2.4065,-1.51525,10.34075,0.0
-2.40325,-1.510375,10.374625,0.0
-2.4,-1.5055,10.4085,0.0
-2.39675,-1.5006249999999999,10.442375,0.0
-2.3935,-1.49575,10.47625,0.0
-2.39025,-1.490875,10.510125,0.0
-2.387,-1.486,10.544,0.0
-2.384875,-1.484875,10.5655,0.0
-2.38275,-1.4837500000000001,10.587,0.0
-2.380625,-1.482625,10.6085,0.0
-2.3785,-1.4815,10.629999999999999,0.0
-2.376375,-1.480375,10.6515,0.0
-2.37425,-1.47925,10.673,0.0
-2.372125,-1.4781250000000001,10.6945,0.0
-2.37,-1.477,10.716,0.0
-2.3657500000000002,-1.4755,10.7675,0.0
-2.3615,-1.4740000000000002,10.818999999999999,0.0
-2.35725,-1.4725000000000001,10.8705,0.0
-2.3529999999999998,-1.471,10.922,0.0
-2.34875,-1.4695,10.9735,0.0
-2.3445,-1.468,11.025,0.0
-2.3402499999999997,-1.4665000000000001,11.0765,0.0
-2.336,-1.465,11.128,0.0
-2.33275,-1.463125,11.1415,0.0
-2.3295,-1.4612500000000002,11.155000000000001,0.0
-2.32625,-1.459375,11.1685,0.0
-2.323,-1.4575,11.182,0.0
-2.31975,-1.455625,11.195500000000001,0.0
-2.3165,-1.4537499999999999,11.209,0.0
-2.31325,-1.451875,11.2225,0.0
-2.31,-1.45,11.236,0.0
-2.300375,-1.449125,11.259875000000001,0.0
-2.29075,-1.44825,11.283750000000001,0.0
-2.2811250000000003,-1.447375,11.307625,0.0
-2.2715,-1.4465,11.3315,0.0
-2.261875,-1.445625,11.355375,0.0
-2.25225,-1.44475,11.379249999999999,0.0
-2.2426250000000003,-1.443875,11.403125,0.0
-2.233,-1.443,11.427,0.0
-2.224125,-1.439125,11.456624999999999,0.0
-2.21525,-1.43525,11.48625,0.0
-2.206375,-1.431375,11.515875,0.0
-2.1975,-1.4275,11.5455,0.0
-2.188625,-1.423625,11.575125,0.0
-2.17975,-1.41975,11.60475,0.0
-2.170875,-1.415875,11.634375,0.0
-2.162,-1.412,11.664,0.0
-2.158625,-1.4117499999999998,11.6685,0.0
-2.1552499999999997,-1.4115,11.673,0.0
-2.151875,-1.41125,11.6775,0.0
-2.1485,-1.411,11.681999999999999,0.0
-2.1451249999999997,-1.41075,11.686499999999999,0.0
-2.14175,-1.4104999999999999,11.690999999999999,0.0
-2.138375,-1.41025,11.6955,0.0
-2.135,-1.41,11.7,0.0
-2.1272499999999996,-1.407875,11.729125,0.0
-2.1195,-1.4057499999999998,11.75825,0.0
-2.11175,-1.403625,11.787374999999999,0.0
-2.104,-1.4015,11.8165,0.0
-2.09625,-1.399375,11.845625,0.0
-2.0885,-1.39725,11.874749999999999,0.0
-2.08075,-1.395125,11.903875,0.0
-2.073,-1.393,11.933,0.0
-2.061,-1.39175,11.93475,0.0
-2.049,-1.3905,11.936499999999999,0.0
-2.037,-1.38925,11.93825,0.0
-2.025,-1.388,11.94,0.0
-2.013,-1.38675,11.941749999999999,0.0
-2.001,-1.3855,11.9435,0.0
-1.989,-1.38425,11.94525,0.0
-1.977,-1.383,11.947,0.0
-1.9668750000000002,-1.383375,11.965,0.0
-1.95675,-1.38375,11.982999999999999,0.0
-1.946625,-1.384125,12.001,0.0
-1.9365,-1.3845,12.018999999999998,0.0
-1.926375,-1.3848749999999999,12.036999999999999,0.0
-1.91625,-1.3852499999999999,12.055,0.0
-1.9061249999999998,-1.3856249999999999,12.072999999999999,0.0
-1.896,-1.386,12.091,0.0
-1.88825,-1.3856249999999999,12.089125,0.0
-1.8805,-1.3852499999999999,12.08725,0.0
-1.87275,-1.3848749999999999,12.085374999999999,0.0
-1.865,-1.3845,12.0835,0.0
-1.85725,-1.384125,12.081625,0.0
-1.8495,-1.38375,12.07975,0.0
-1.84175,-1.383375,12.077875,0.0
-1.834,-1.383,12.076,0.0
-1.8222500000000001,-1.385125,12.071250000000001,0.0
-1.8105,-1.3872499999999999,12.066500000000001,0.0
-1.79875,-1.389375,12.06175,0.0
-1.787,-1.3915,12.057,0.0
-1.77525,-1.393625,12.05225,0.0
-1.7635,-1.39575,12.0475,0.0
-1.75175,-1.397875,12.04275,0.0
-1.74,-1.4,12.038,0.0
-1.71875,-1.400625,12.023875,0.0
-1.6975,-1.4012499999999999,12.00975,0.0
-1.67625,-1.401875,11.995625,0.0
-1.655,-1.4024999999999999,11.9815,0.0
-1.63375,-1.403125,11.967375,0.0
-1.6125,-1.40375,11.95325,0.0
-1.59125,-1.404375,11.939125,0.0
-1.57,-1.405,11.925,0.0
-1.561625,-1.404375,11.921750000000001,0.0
-1.55325,-1.40375,11.9185,0.0
-1.544875,-1.403125,11.91525,0.0
-1.5365,-1.4024999999999999,11.911999999999999,0.0
-1.528125,-1.401875,11.90875,0.0
-1.51975,-1.4012499999999999,11.9055,0.0
-1.511375,-1.400625,11.902249999999999,0.0
-1.503,-1.4,11.899,0.0
-1.497625,-1.400375,11.899875,0.0
-1.4922499999999999,-1.40075,11.900749999999999,0.0
-1.486875,-1.401125,11.901625,0.0
-1.4815,-1.4015,11.9025,0.0
-1.476125,-1.401875,11.903375,0.0
-1.47075,-1.40225,11.904250000000001,0.0
-1.4653749999999999,-1.402625,11.905125,0.0
-1.46,-1.403,11.906,0.0
-1.4417499999999999,-1.401125,11.87725,0.0
-1.4235,-1.3992499999999999,11.848500000000001,0.0
-1.40525,-1.397375,11.81975,0.0
-1.387,-1.3955,11.791,0.0
-1.36875,-1.393625,11.76225,0.0
-1.3505,-1.39175,11.7335,0.0
-1.3322500000000002,-1.389875,11.70475,0.0
-1.314,-1.388,11.676,0.0
-1.307375,-1.387375,11.668625,0.0
-1.30075,-1.38675,11.66125,0.0
-1.294125,-1.3861249999999998,11.653875000000001,0.0
-1.2875,-1.3855,11.6465,0.0
-1.280875,-1.384875,11.639125,0.0
-1.2742499999999999,-1.38425,11.63175,0.0
-1.267625,-1.3836249999999999,11.624375,0.0
-1.261,-1.383,11.617,0.0
-1.246375,-1.38425,11.590625000000001,0.0
-1.23175,-1.3855,11.564250000000001,0.0
-1.2171249999999998,-1.38675,11.537875000000001,0.0
-1.2025,-1.388,11.511500000000002,0.0
-1.187875,-1.38925,11.485125,0.0
-1.17325,-1.3905,11.45875,0.0
-1.1586249999999998,-1.39175,11.432375,0.0
-1.144,-1.393,11.406,0.0
-1.132,-1.39325,11.374875000000001,0.0
-1.1199999999999999,-1.3935,11.34375,0.0
-1.1079999999999999,-1.39375,11.312625,0.0
-1.096,-1.3940000000000001,11.281500000000001,0.0
-1.084,-1.39425,11.250375,0.0
-1.072,-1.3945,11.21925,0.0
-1.06,-1.39475,11.188125,0.0
-1.048,-1.395,11.157,0.0
-1.043875,-1.395625,11.145875,0.0
-1.03975,-1.39625,11.13475,0.0
-1.035625,-1.396875,11.123625,0.0
-1.0314999999999999,-1.3975,11.1125,0.0
-1.027375,-1.3981249999999998,11.101374999999999,0.0
-1.02325,-1.39875,11.09025,0.0
-1.0191249999999998,-1.399375,11.079125,0.0
-1.015,-1.4,11.068,0.0
-1.0027499999999998,-1.3997499999999998,11.030375,0.0
-0.9904999999999999,-1.3995,10.99275,0.0
-0.97825,-1.3992499999999999,10.955124999999999,0.0
-0.966,-1.399,10.9175,0.0
-0.95375,-1.39875,10.879875,0.0
-0.9415,-1.3984999999999999,10.84225,0.0
-0.92925,-1.39825,10.804625,0.0
-0.917,-1.398,10.767,0.0
-0.90375,-1.397125,10.738249999999999,0.0
-0.8905000000000001,-1.39625,10.7095,0.0
-0.8772500000000001,-1.395375,10.68075,0.0
-0.8640000000000001,-1.3944999999999999,10.652000000000001,0.0
-0.85075,-1.393625,10.62325,0.0
-0.8375,-1.39275,10.5945,0.0
-0.82425,-1.391875,10.565750000000001,0.0
-0.811,-1.391,10.537,0.0
-0.80625,-1.3900000000000001,10.516,0.0
-0.8015000000000001,-1.389,10.495000000000001,0.0
-0.7967500000000001,-1.388,10.474,0.0
-0.792,-1.387,10.453,0.0
-0.78725,-1.3860000000000001,10.432,0.0
-0.7825,-1.385,10.411,0.0
-0.77775,-1.384,10.39,0.0
-0.773,-1.383,10.369,0.0
-0.764,-1.380375,10.3325,0.0
-0.755,-1.37775,10.296,0.0
-0.746,-1.3751250000000002,10.2595,0.0
-0.737,-1.3725,10.222999999999999,0.0
-0.728,-1.369875,10.1865,0.0
-0.719,-1.36725,10.15,0.0
-0.71,-1.3646250000000002,10.1135,0.0
-0.701,-1.362,10.077,0.0
-0.6926249999999999,-1.360125,10.04975,0.0
-0.68425,-1.35825,10.0225,0.0
-0.675875,-1.356375,9.99525,0.0
-0.6675,-1.3545,9.968,0.0
-0.659125,-1.352625,9.94075,0.0
-0.6507499999999999,-1.3507500000000001,9.913499999999999,0.0
-0.642375,-1.348875,9.88625,0.0
-0.634,-1.347,9.859,0.0
-0.631,-1.347,9.836875,0.0
-0.628,-1.347,9.81475,0.0
-0.625,-1.347,9.792625000000001,0.0
-0.622,-1.347,9.7705,0.0
-0.619,-1.347,9.748375,0.0
-0.616,-1.347,9.72625,0.0
-0.613,-1.347,9.704125000000001,0.0
-0.61,-1.347,9.682,0.0
-0.6058749999999999,-1.34375,9.65025,0.0
-0.60175,-1.3405,9.618500000000001,0.0
-0.597625,-1.33725,9.58675,0.0
-0.5934999999999999,-1.334,9.555,0.0
-0.589375,-1.3307499999999999,9.52325,0.0
-0.5852499999999999,-1.3275,9.4915,0.0
-0.581125,-1.32425,9.459750000000001,0.0
-0.577,-1.321,9.428,0.0
-0.5754999999999999,-1.318375,9.386750000000001,0.0
-0.574,-1.31575,9.345500000000001,0.0
-0.5725,-1.3131249999999999,9.304250000000001,0.0
-0.571,-1.3105,9.263000000000002,0.0
-0.5694999999999999,-1.3078750000000001,9.22175,0.0
-0.568,-1.30525,9.1805,0.0
-0.5665,-1.302625,9.13925,0.0
-0.565,-1.3,9.098,0.0
-0.566125,-1.301125,9.083250000000001,0.0
-0.5672499999999999,-1.30225,9.0685,0.0
-0.568375,-1.303375,9.05375,0.0
-0.5694999999999999,-1.3045,9.039000000000001,0.0
-0.5706249999999999,-1.305625,9.02425,0.0
-0.57175,-1.30675,9.009500000000001,0.0
-0.5728749999999999,-1.307875,8.99475,0.0
-0.574,-1.309,8.98,0.0
-0.576125,-1.30725,8.948,0.0
-0.5782499999999999,-1.3054999999999999,8.916,0.0
-0.580375,-1.30375,8.884,0.0
-0.5825,-1.302,8.852,0.0
-0.584625,-1.30025,8.82,0.0
-0.58675,-1.2985,8.788,0.0
-0.5888749999999999,-1.2967499999999998,8.756,0.0
-0.591,-1.295,8.724,0.0
-0.596625,-1.294625,8.69225,0.0
-0.60225,-1.29425,8.6605,0.0
-0.6078749999999999,-1.2938749999999999,8.62875,0.0
-0.6134999999999999,-1.2934999999999999,8.597000000000001,0.0
-0.619125,-1.293125,8.56525,0.0
-0.62475,-1.29275,8.5335,0.0
-0.630375,-1.292375,8.501750000000001,0.0
-0.636,-1.292,8.47,0.0
-0.640875,-1.289375,8.458375,0.0
-0.64575,-1.28675,8.446750000000002,0.0
-0.650625,-1.284125,8.435125000000001,0.0
-0.6555,-1.2814999999999999,8.4235,0.0
-0.660375,-1.278875,8.411875,0.0
-0.66525,-1.2762499999999999,8.40025,0.0
-0.6701250000000001,-1.273625,8.388625000000001,0.0
-0.675,-1.271,8.377,0.0
-0.678875,-1.2718749999999999,8.344375000000001,0.0
-0.68275,-1.2727499999999998,8.31175,0.0
-0.686625,-1.273625,8.279125,0.0
-0.6905,-1.2745,8.246500000000001,0.0
-0.694375,-1.275375,8.213875,0.0
-0.69825,-1.27625,8.18125,0.0
-0.702125,-1.277125,8.148625,0.0
-0.706,-1.278,8.116,0.0
-0.715,-1.277375,8.094125,0.0
-0.724,-1.27675,8.07225,0.0
-0.733,-1.276125,8.050374999999999,0.0
-0.742,-1.2755,8.0285,0.0
-0.751,-1.274875,8.006625,0.0
-0.76,-1.2742499999999999,7.98475,0.0
-0.769,-1.273625,7.9628749999999995,0.0
-0.778,-1.273,7.941,0.0
-0.788375,-1.26975,7.91525,0.0
-0.7987500000000001,-1.2665,7.8895,0.0
-0.809125,-1.26325,7.86375,0.0
-0.8195,-1.26,7.838,0.0
-0.829875,-1.25675,7.812250000000001,0.0
-0.8402499999999999,-1.2535,7.7865,0.0
-0.850625,-1.25025,7.76075,0.0
-0.861,-1.247,7.735,0.0
-0.865875,-1.2472500000000002,7.725125,0.0
-0.87075,-1.2475,7.71525,0.0
-0.875625,-1.2477500000000001,7.705375,0.0
-0.8805000000000001,-1.2480000000000002,7.6955,0.0
-0.885375,-1.24825,7.685625,0.0
-0.89025,-1.2485000000000002,7.67575,0.0
-0.8951250000000001,-1.24875,7.665875,0.0
-0.9,-1.249,7.656,0.0
-0.911375,-1.2485000000000002,7.639875,0.0
-0.92275,-1.2480000000000002,7.623749999999999,0.0
-0.934125,-1.2475,7.607625,0.0
-0.9455,-1.247,7.5915,0.0
-0.956875,-1.2465000000000002,7.575375,0.0
-0.96825,-1.246,7.5592500000000005,0.0
-0.979625,-1.2455,7.543125,0.0
-0.991,-1.245,7.527,0.0
-1.000875,-1.2452500000000002,7.5135000000000005,0.0
-1.01075,-1.2455,7.5,0.0
-1.0206250000000001,-1.2457500000000001,7.4864999999999995,0.0
-1.0305,-1.246,7.473,0.0
-1.040375,-1.24625,7.4595,0.0
-1.0502500000000001,-1.2465000000000002,7.446,0.0
-1.060125,-1.24675,7.432499999999999,0.0
-1.07,-1.247,7.419,0.0
-1.076,-1.244625,7.415749999999999,0.0
-1.082,-1.24225,7.4125,0.0
-1.088,-1.239875,7.40925,0.0
-1.094,-1.2375,7.406,0.0
-1.1,-1.235125,7.402749999999999,0.0
-1.106,-1.23275,7.3995,0.0
-1.112,-1.230375,7.39625,0.0
-1.118,-1.228,7.393,0.0
-1.126875,-1.2295,7.3786249999999995,0.0
-1.13575,-1.2309999999999999,7.36425,0.0
-1.144625,-1.2325,7.349875,0.0
-1.1535000000000002,-1.234,7.3355,0.0
-1.1623750000000002,-1.2355,7.321124999999999,0.0
-1.1712500000000001,-1.237,7.306749999999999,0.0
-1.180125,-1.2385,7.292375,0.0
-1.189,-1.24,7.278,0.0
-1.19775,-1.240625,7.271375,0.0
-1.2065000000000001,-1.24125,7.264749999999999,0.0
-1.21525,-1.241875,7.258125,0.0
-1.224,-1.2425000000000002,7.2515,0.0
-1.23275,-1.243125,7.2448749999999995,0.0
-1.2414999999999998,-1.2437500000000001,7.23825,0.0
-1.2502499999999999,-1.244375,7.231624999999999,0.0
-1.259,-1.245,7.225,0.0
-1.2626249999999999,-1.2435,7.224125,0.0
-1.2662499999999999,-1.242,7.22325,0.0
-1.2698749999999999,-1.2405000000000002,7.2223749999999995,0.0
-1.2734999999999999,-1.239,7.2215,0.0
-1.277125,-1.2375,7.220625,0.0
-1.28075,-1.2360000000000002,7.2197499999999994,0.0
-1.284375,-1.2345000000000002,7.218875,0.0
-1.288,-1.233,7.218,0.0
-1.302625,-1.2368750000000002,7.215375,0.0
-1.31725,-1.24075,7.21275,0.0
-1.3318750000000001,-1.244625,7.210125,0.0
-1.3465,-1.2485,7.2075,0.0
-1.361125,-1.252375,7.204875,0.0
-1.37575,-1.25625,7.20225,0.0
-1.3903750000000001,-1.260125,7.199625,0.0
-1.405,-1.264,7.197,0.0
-1.405,-1.264,7.197,0.0
-1.405,-1.264,7.197,0.0
-1.405,-1.264,7.197,0.0
-1.405,-1.264,7.197,0.0
-1.405,-1.264,7.197,0.0
-1.405,-1.264,7.197,0.0
-1.405,-1.264,7.197,0.0
