0.723,-0.651,10.113,0.0
0.72175,-0.650375,10.113249999999999,0.0
0.7204999999999999,-0.64975,10.1135,0.0
0.71925,-0.6491250000000001,10.11375,0.0
0.718,-0.6485000000000001,10.114,0.0
0.71675,-0.647875,10.11425,0.0
0.7155,-0.64725,10.1145,0.0
0.7142499999999999,-0.646625,10.11475,0.0
0.713,-0.646,10.115,0.0
0.716625,-0.646,10.115375,0.0
0.72025,-0.646,10.11575,0.0
0.7238749999999999,-0.646,10.116125,0.0
0.7275,-0.646,10.1165,0.0
0.731125,-0.646,10.116875,0.0
0.73475,-0.646,10.11725,0.0
0.738375,-0.646,10.117625,0.0
0.742,-0.646,10.118,0.0
0.740125,-0.64325,10.11975,0.0
0.73825,-0.6405000000000001,10.121500000000001,0.0
0.736375,-0.63775,10.12325,0.0
0.7344999999999999,-0.635,10.125,0.0
0.732625,-0.63225,10.12675,0.0
0.73075,-0.6295,10.128499999999999,0.0
0.7288749999999999,-0.62675,10.13025,0.0
0.727,-0.624,10.132,0.0
0.727,-0.621,10.13325,0.0
0.727,-0.618,10.1345,0.0
0.727,-0.615,10.13575,0.0
0.727,-0.612,10.137,0.0
0.727,-0.609,10.13825,0.0
0.727,-0.606,10.1395,0.0
0.727,-0.603,10.140749999999999,0.0
0.727,-0.6,10.142,0.0
0.728,-0.5994999999999999,10.141375,0.0
0.729,-0.599,10.14075,0.0
0.73,-0.5985,10.140125,0.0
0.731,-0.598,10.1395,0.0
0.732,-0.5974999999999999,10.138875,0.0
0.733,-0.597,10.13825,0.0
0.734,-0.5965,10.137625,0.0
0.735,-0.596,10.137,0.0
0.739125,-0.593625,10.136625,0.0
0.74325,-0.5912499999999999,10.13625,0.0
0.747375,-0.5888749999999999,10.135875,0.0
0.7515000000000001,-0.5865,10.1355,0.0
0.755625,-0.584125,10.135125,0.0
0.75975,-0.58175,10.13475,0.0
0.763875,-0.579375,10.134375,0.0
0.768,-0.577,10.134,0.0
0.76925,-0.5774999999999999,10.133125,0.0
0.7705,-0.578,10.13225,0.0
0.77175,-0.5785,10.131375,0.0
0.773,-0.579,10.130500000000001,0.0
0.77425,-0.5794999999999999,10.129625,0.0
0.7755000000000001,-0.58,10.12875,0.0
0.77675,-0.5805,10.127875000000001,0.0
0.778,-0.581,10.127,0.0
0.778,-0.5805,10.122250000000001,0.0
0.778,-0.58,10.1175,0.0
0.778,-0.5794999999999999,10.11275,0.0
0.778,-0.579,10.108,0.0
0.778,-0.5785,10.103250000000001,0.0
0.778,-0.578,10.098500000000001,0.0
0.778,-0.5774999999999999,10.09375,0.0
0.778,-0.577,10.089,0.0
0.7815000000000001,-0.5742499999999999,10.079375,0.0
0.785,-0.5715,10.06975,0.0
0.7885,-0.56875,10.060125000000001,0.0
0.792,-0.5660000000000001,10.0505,0.0
0.7955000000000001,-0.56325,10.040875,0.0
0.799,-0.5605,10.03125,0.0
0.8025,-0.5577500000000001,10.021625,0.0
0.806,-0.555,10.012,0.0
0.807875,-0.5541250000000001,10.0105,0.0
0.80975,-0.55325,10.009,0.0
0.811625,-0.5523750000000001,10.0075,0.0
0.8135,-0.5515000000000001,10.006,0.0
0.815375,-0.550625,10.0045,0.0
0.81725,-0.5497500000000001,10.003,0.0
0.819125,-0.548875,10.0015,0.0
0.821,-0.548,10.0,0.0
0.823,-0.5471250000000001,9.996125,0.0
0.825,-0.54625,9.99225,0.0
0.827,-0.545375,9.988375,0.0
0.829,-0.5445,9.9845,0.0
0.831,-0.543625,9.980625,0.0
0.833,-0.5427500000000001,9.97675,0.0
0.835,-0.541875,9.972875,0.0
0.837,-0.541,9.969,0.0
0.8388749999999999,-0.540375,9.965125,0.0
0.84075,-0.5397500000000001,9.96125,0.0
0.842625,-0.5391250000000001,9.957374999999999,0.0
0.8445,-0.5385,9.9535,0.0
0.846375,-0.537875,9.949625000000001,0.0
0.84825,-0.53725,9.94575,0.0
0.850125,-0.536625,9.941875,0.0
0.852,-0.536,9.938,0.0
0.854375,-0.53625,9.936250000000001,0.0
0.85675,-0.5365,9.9345,0.0
0.859125,-0.5367500000000001,9.93275,0.0
0.8614999999999999,-0.537,9.931000000000001,0.0
0.863875,-0.53725,9.92925,0.0
0.86625,-0.5375000000000001,9.9275,0.0
0.868625,-0.5377500000000001,9.925749999999999,0.0
0.871,-0.538,9.924,0.0
0.874625,-0.535875,9.9195,0.0
0.87825,-0.5337500000000001,9.915,0.0
0.881875,-0.531625,9.910499999999999,0.0
0.8855,-0.5295000000000001,9.905999999999999,0.0
0.889125,-0.527375,9.9015,0.0
0.89275,-0.52525,9.897,0.0
0.896375,-0.5231250000000001,9.8925,0.0
0.9,-0.521,9.888,0.0
0.902625,-0.518625,9.887125,0.0
0.90525,-0.51625,9.88625,0.0
0.907875,-0.513875,9.885375,0.0
0.9105000000000001,-0.5115000000000001,9.8845,0.0
0.9131250000000001,-0.509125,9.883625,0.0
0.9157500000000001,-0.50675,9.88275,0.0
0.918375,-0.504375,9.881875,0.0
0.921,-0.502,9.881,0.0
0.921,-0.499625,9.87825,0.0
0.921,-0.49724999999999997,9.8755,0.0
0.921,-0.494875,9.87275,0.0
0.921,-0.4925,9.870000000000001,0.0
0.921,-0.490125,9.86725,0.0
0.921,-0.48775,9.8645,0.0
0.921,-0.485375,9.86175,0.0
0.921,-0.483,9.859,0.0
0.9233750000000001,-0.481875,9.853375,0.0
0.9257500000000001,-0.48075,9.84775,0.0
0.928125,-0.47962499999999997,9.842125,0.0
0.9305,-0.4785,9.836500000000001,0.0
0.932875,-0.477375,9.830875,0.0
0.9352499999999999,-0.47624999999999995,9.82525,0.0
0.9376249999999999,-0.47512499999999996,9.819625,0.0
0.94,-0.474,9.814,0.0
0.9415,-0.47512499999999996,9.810375,0.0
0.943,-0.47624999999999995,9.806750000000001,0.0
0.9444999999999999,-0.477375,9.803125,0.0
0.946,-0.4785,9.7995,0.0
0.9475,-0.47962499999999997,9.795875,0.0
0.949,-0.48075,9.79225,0.0
0.9504999999999999,-0.481875,9.788625,0.0
0.952,-0.483,9.785,0.0
0.95175,-0.479375,9.779250000000001,0.0
0.9515,-0.47575,9.7735,0.0
0.9512499999999999,-0.472125,9.76775,0.0
0.951,-0.4685,9.762,0.0
0.95075,-0.464875,9.756250000000001,0.0
0.9504999999999999,-0.46125,9.7505,0.0
0.9502499999999999,-0.457625,9.74475,0.0
0.95,-0.454,9.739,0.0
0.9544999999999999,-0.45375,9.732750000000001,0.0
0.959,-0.4535,9.726500000000001,0.0
0.9635,-0.45325000000000004,9.72025,0.0
0.968,-0.453,9.714,0.0
0.9724999999999999,-0.45275,9.70775,0.0
0.977,-0.4525,9.7015,0.0
0.9815,-0.45225000000000004,9.69525,0.0
0.986,-0.452,9.689,0.0
0.989,-0.45225000000000004,9.683625,0.0
0.992,-0.4525,9.67825,0.0
0.995,-0.45275,9.672875000000001,0.0
0.998,-0.453,9.6675,0.0
1.001,-0.45325000000000004,9.662125,0.0
1.004,-0.4535,9.65675,0.0
1.0070000000000001,-0.45375,9.651375000000002,0.0
1.01,-0.454,9.646,0.0
1.012125,-0.4535,9.642125,0.0
1.01425,-0.453,9.638250000000001,0.0
1.016375,-0.4525,9.634375,0.0
1.0185,-0.452,9.630500000000001,0.0
1.020625,-0.4515,9.626625,0.0
1.0227499999999998,-0.451,9.62275,0.0
1.024875,-0.4505,9.618875000000001,0.0
1.027,-0.45,9.615,0.0
1.03175,-0.4485,9.60725,0.0
1.0365,-0.447,9.5995,0.0
1.04125,-0.4455,9.591750000000001,0.0
1.0459999999999998,-0.444,9.584,0.0
1.0507499999999999,-0.4425,9.57625,0.0
1.0554999999999999,-0.441,9.5685,0.0
1.06025,-0.4395,9.56075,0.0
1.065,-0.438,9.553,0.0
1.0665,-0.43674999999999997,9.546375000000001,0.0
1.068,-0.4355,9.539750000000002,0.0
1.0695,-0.43425,9.533125,0.0
1.071,-0.433,9.5265,0.0
1.0725,-0.43174999999999997,9.519875,0.0
1.0739999999999998,-0.4305,9.51325,0.0
1.0755,-0.42925,9.506625,0.0
1.077,-0.428,9.5,0.0
1.080625,-0.428,9.494625,0.0
1.08425,-0.428,9.48925,0.0
1.087875,-0.428,9.483875000000001,0.0
1.0915,-0.428,9.4785,0.0
1.0951250000000001,-0.428,9.473125,0.0
1.0987500000000001,-0.428,9.46775,0.0
1.102375,-0.428,9.462375000000002,0.0
1.106,-0.428,9.457,0.0
1.1065,-0.42825,9.451875000000001,0.0
1.1070000000000002,-0.4285,9.446750000000002,0.0
1.1075000000000002,-0.42874999999999996,9.441625,0.0
1.108,-0.429,9.4365,0.0
1.1085,-0.42925,9.431375000000001,0.0
1.109,-0.4295,9.42625,0.0
1.1095000000000002,-0.42974999999999997,9.421125,0.0
1.11,-0.43,9.416,0.0
1.113375,-0.42825,9.40975,0.0
1.1167500000000001,-0.4265,9.403500000000001,0.0
1.120125,-0.42474999999999996,9.39725,0.0
1.1235,-0.423,9.391,0.0
1.126875,-0.42125,9.38475,0.0
1.13025,-0.4195,9.378499999999999,0.0
1.133625,-0.41774999999999995,9.37225,0.0
1.137,-0.416,9.366,0.0
1.1376249999999999,-0.41725,9.36125,0.0
1.13825,-0.4185,9.3565,0.0
1.138875,-0.41974999999999996,9.35175,0.0
1.1395,-0.421,9.347,0.0
1.1401249999999998,-0.42225,9.34225,0.0
1.14075,-0.4235,9.337499999999999,0.0
1.141375,-0.42474999999999996,9.332749999999999,0.0
1.142,-0.426,9.328,0.0
1.1437499999999998,-0.425625,9.3255,0.0
1.1455,-0.42525,9.323,0.0
1.1472499999999999,-0.424875,9.3205,0.0
1.149,-0.4245,9.318,0.0
1.15075,-0.424125,9.3155,0.0
1.1524999999999999,-0.42374999999999996,9.312999999999999,0.0
1.15425,-0.423375,9.3105,0.0
1.156,-0.423,9.308,0.0
1.153875,-0.42125,9.304124999999999,0.0
1.1517499999999998,-0.4195,9.30025,0.0
1.149625,-0.41774999999999995,9.296375,0.0
1.1475,-0.416,9.2925,0.0
1.145375,-0.41425,9.288625,0.0
1.14325,-0.4125,9.284749999999999,0.0
1.141125,-0.41074999999999995,9.280875,0.0
1.139,-0.409,9.277,0.0
1.139375,-0.409,9.27225,0.0
1.13975,-0.409,9.2675,0.0
1.140125,-0.409,9.26275,0.0
1.1404999999999998,-0.409,9.258,0.0
1.1408749999999999,-0.409,9.25325,0.0
1.1412499999999999,-0.409,9.2485,0.0
1.141625,-0.409,9.24375,0.0
1.142,-0.409,9.239,0.0
1.139875,-0.40874999999999995,9.237250000000001,0.0
1.13775,-0.4085,9.2355,0.0
1.1356249999999999,-0.40825,9.23375,0.0
1.1335,-0.408,9.232,0.0
1.131375,-0.40774999999999995,9.23025,0.0
1.1292499999999999,-0.4075,9.2285,0.0
1.127125,-0.40725,9.22675,0.0
1.125,-0.407,9.225,0.0
1.122625,-0.40512499999999996,9.221125,0.0
1.12025,-0.40325,9.21725,0.0
1.117875,-0.401375,9.213375,0.0
1.1155,-0.39949999999999997,9.2095,0.0
1.1131250000000001,-0.397625,9.205625000000001,0.0
1.1107500000000001,-0.39575,9.20175,0.0
1.108375,-0.39387500000000003,9.197875,0.0
1.106,-0.392,9.194,0.0
1.103625,-0.39237500000000003,9.193000000000001,0.0
1.10125,-0.39275000000000004,9.192,0.0
1.098875,-0.393125,9.191,0.0
1.0965,-0.3935,9.190000000000001,0.0
1.094125,-0.39387500000000003,9.189,0.0
1.09175,-0.39425,9.188,0.0
1.089375,-0.394625,9.187,0.0
1.087,-0.395,9.186,0.0
1.086625,-0.3955,9.1845,0.0
1.08625,-0.396,9.183,0.0
1.085875,-0.3965,9.1815,0.0
1.0855000000000001,-0.397,9.18,0.0
1.0851250000000001,-0.3975,9.1785,0.0
1.08475,-0.398,9.177,0.0
1.084375,-0.3985,9.1755,0.0
1.084,-0.399,9.174,0.0
1.081,-0.39787500000000003,9.174375,0.0
1.078,-0.39675000000000005,9.17475,0.0
1.0750000000000002,-0.395625,9.175125,0.0
1.072,-0.3945,9.1755,0.0
1.069,-0.39337500000000003,9.175875,0.0
1.066,-0.39225,9.17625,0.0
1.0630000000000002,-0.391125,9.176625,0.0
1.06,-0.39,9.177,0.0
1.060375,-0.386625,9.1805,0.0
1.06075,-0.38325,9.184,0.0
1.061125,-0.379875,9.1875,0.0
1.0615,-0.3765,9.190999999999999,0.0
1.061875,-0.373125,9.1945,0.0
1.06225,-0.36975,9.198,0.0
1.062625,-0.366375,9.2015,0.0
1.063,-0.363,9.205,0.0
1.06625,-0.362125,9.20625,0.0
1.0695,-0.36124999999999996,9.2075,0.0
1.0727499999999999,-0.360375,9.20875,0.0
1.076,-0.3595,9.21,0.0
1.07925,-0.35862499999999997,9.21125,0.0
1.0825,-0.35775,9.2125,0.0
1.08575,-0.356875,9.21375,0.0
1.089,-0.356,9.215,0.0
1.0907499999999999,-0.356375,9.223125,0.0
1.0925,-0.35675,9.23125,0.0
1.09425,-0.35712499999999997,9.239374999999999,0.0
1.096,-0.3575,9.247499999999999,0.0
1.09775,-0.357875,9.255625,0.0
1.0995,-0.35824999999999996,9.26375,0.0
1.10125,-0.35862499999999997,9.271875,0.0
1.103,-0.359,9.28,0.0
1.103,-0.359,9.28,0.0
1.103,-0.359,9.28,0.0
1.103,-0.359,9.28,0.0
1.103,-0.359,9.28,0.0
1.103,-0.359,9.28,0.0
1.103,-0.359,9.28,0.0
1.103,-0.359,9.28,0.0
1.103,-0.359,9.28,0.0
1.10575,-0.359,9.2805,0.0
1.1085,-0.359,9.280999999999999,0.0
1.11125,-0.359,9.2815,0.0
1.1139999999999999,-0.359,9.282,0.0
1.11675,-0.359,9.2825,0.0
1.1195,-0.359,9.283000000000001,0.0
1.12225,-0.359,9.2835,0.0
1.125,-0.359,9.284,0.0
1.126125,-0.35712499999999997,9.2865,0.0
1.12725,-0.35524999999999995,9.289000000000001,0.0
1.128375,-0.353375,9.291500000000001,0.0
1.1295,-0.3515,9.294,0.0
1.130625,-0.34962499999999996,9.2965,0.0
1.1317499999999998,-0.34775,9.299,0.0
1.1328749999999999,-0.345875,9.3015,0.0
1.134,-0.344,9.304,0.0
1.135875,-0.347,9.31025,0.0
1.13775,-0.35,9.3165,0.0
1.1396249999999999,-0.353,9.32275,0.0
1.1415,-0.356,9.329,0.0
1.143375,-0.359,9.33525,0.0
1.1452499999999999,-0.362,9.3415,0.0
1.147125,-0.365,9.34775,0.0
1.149,-0.368,9.354,0.0
1.149625,-0.367375,9.356124999999999,0.0
1.15025,-0.36675,9.35825,0.0
1.150875,-0.366125,9.360375,0.0
1.1515,-0.3655,9.3625,0.0
1.1521249999999998,-0.364875,9.364625,0.0
1.15275,-0.36424999999999996,9.36675,0.0
1.153375,-0.363625,9.368875000000001,0.0
1.154,-0.363,9.371,0.0
1.15275,-0.36275,9.37275,0.0
1.1515,-0.3625,9.374500000000001,0.0
1.15025,-0.36224999999999996,9.37625,0.0
1.149,-0.362,9.378,0.0
1.1477499999999998,-0.36175,9.37975,0.0
1.1464999999999999,-0.3615,9.381499999999999,0.0
1.1452499999999999,-0.36124999999999996,9.38325,0.0
1.144,-0.361,9.385,0.0
1.1455,-0.363375,9.39075,0.0
1.1469999999999998,-0.36575,9.3965,0.0
1.1484999999999999,-0.368125,9.402249999999999,0.0
1.15,-0.3705,9.408,0.0
1.1515,-0.372875,9.41375,0.0
1.153,-0.37525,9.4195,0.0
1.1544999999999999,-0.377625,9.425249999999998,0.0
1.156,-0.38,9.431,0.0
1.1532499999999999,-0.38125,9.434249999999999,0.0
1.1504999999999999,-0.3825,9.4375,0.0
1.1477499999999998,-0.38375000000000004,9.44075,0.0
1.145,-0.385,9.443999999999999,0.0
1.14225,-0.38625,9.44725,0.0
1.1395,-0.3875,9.4505,0.0
1.13675,-0.38875000000000004,9.453750000000001,0.0
1.134,-0.39,9.457,0.0
1.1328749999999999,-0.39,9.45725,0.0
1.1317499999999998,-0.39,9.4575,0.0
1.130625,-0.39,9.45775,0.0
1.1295,-0.39,9.458,0.0
1.128375,-0.39,9.45825,0.0
1.12725,-0.39,9.4585,0.0
1.126125,-0.39,9.45875,0.0
1.125,-0.39,9.459,0.0
1.1235,-0.387875,9.46025,0.0
1.1219999999999999,-0.38575000000000004,9.4615,0.0
1.1205,-0.383625,9.46275,0.0
1.119,-0.3815,9.463999999999999,0.0
1.1175,-0.379375,9.46525,0.0
1.116,-0.37725,9.4665,0.0
1.1145,-0.375125,9.467749999999999,0.0
1.113,-0.373,9.469,0.0
1.10725,-0.375375,9.4735,0.0
1.1015,-0.37775000000000003,9.478,0.0
1.09575,-0.380125,9.4825,0.0
1.0899999999999999,-0.3825,9.487,0.0
1.08425,-0.384875,9.4915,0.0
1.0785,-0.38725,9.496,0.0
1.0727499999999999,-0.389625,9.5005,0.0
1.067,-0.392,9.505,0.0
1.064625,-0.39325,9.5035,0.0
1.06225,-0.3945,9.502,0.0
1.059875,-0.39575000000000005,9.5005,0.0
1.0575,-0.397,9.499,0.0
1.055125,-0.39825,9.4975,0.0
1.05275,-0.3995,9.496,0.0
1.050375,-0.40075000000000005,9.4945,0.0
1.048,-0.402,9.493,0.0
1.04475,-0.398125,9.49625,0.0
1.0415,-0.39425,9.499500000000001,0.0
1.0382500000000001,-0.390375,9.50275,0.0
1.0350000000000001,-0.3865,9.506,0.0
1.03175,-0.382625,9.50925,0.0
1.0285,-0.37875000000000003,9.5125,0.0
1.02525,-0.374875,9.51575,0.0
1.022,-0.371,9.519,0.0
1.01575,-0.37,9.5205,0.0
1.0095,-0.369,9.522,0.0
1.00325,-0.368,9.5235,0.0
0.997,-0.367,9.525,0.0
0.99075,-0.366,9.5265,0.0
0.9844999999999999,-0.365,9.528,0.0
0.97825,-0.364,9.5295,0.0
0.972,-0.363,9.531,0.0
0.96925,-0.362125,9.530750000000001,0.0
0.9664999999999999,-0.36124999999999996,9.5305,0.0
0.96375,-0.360375,9.53025,0.0
0.961,-0.3595,9.530000000000001,0.0
0.9582499999999999,-0.35862499999999997,9.52975,0.0
0.9555,-0.35775,9.5295,0.0
0.95275,-0.356875,9.52925,0.0
0.95,-0.356,9.529,0.0
0.945875,-0.355375,9.531375,0.0
0.94175,-0.35475,9.53375,0.0
0.9376249999999999,-0.35412499999999997,9.536125,0.0
0.9335,-0.3535,9.538499999999999,0.0
0.9293750000000001,-0.352875,9.540875,0.0
0.92525,-0.35224999999999995,9.54325,0.0
0.921125,-0.35162499999999997,9.545625,0.0
0.917,-0.351,9.548,0.0
0.911,-0.349875,9.545625,0.0
0.905,-0.34875,9.54325,0.0
0.899,-0.347625,9.540875,0.0
0.893,-0.34650000000000003,9.538499999999999,0.0
0.887,-0.345375,9.536125,0.0
0.881,-0.34425,9.53375,0.0
0.875,-0.343125,9.531375,0.0
0.869,-0.342,9.529,0.0
0.868,-0.33987500000000004,9.528375,0.0
0.867,-0.33775,9.52775,0.0
0.866,-0.335625,9.527125,0.0
0.865,-0.3335,9.526499999999999,0.0
0.864,-0.33137500000000003,9.525875,0.0
0.863,-0.32925000000000004,9.52525,0.0
0.862,-0.327125,9.524624999999999,0.0
0.861,-0.325,9.524,0.0
0.856625,-0.327375,9.522499999999999,0.0
0.85225,-0.32975,9.520999999999999,0.0
0.8478749999999999,-0.332125,9.519499999999999,0.0
0.8434999999999999,-0.3345,9.518,0.0
0.839125,-0.336875,9.5165,0.0
0.83475,-0.33925,9.515,0.0
0.830375,-0.34162499999999996,9.5135,0.0
0.826,-0.344,9.512,0.0
0.827125,-0.34675,9.5075,0.0
0.8282499999999999,-0.3495,9.503,0.0
0.829375,-0.35224999999999995,9.4985,0.0
0.8305,-0.355,9.494,0.0
0.831625,-0.35775,9.489500000000001,0.0
0.83275,-0.3605,9.485000000000001,0.0
0.8338749999999999,-0.36324999999999996,9.480500000000001,0.0
0.835,-0.366,9.476,0.0
0.8358749999999999,-0.365125,9.47475,0.0
0.83675,-0.36424999999999996,9.473500000000001,0.0
0.837625,-0.363375,9.47225,0.0
0.8385,-0.3625,9.471,0.0
0.839375,-0.361625,9.46975,0.0
0.8402499999999999,-0.36075,9.468499999999999,0.0
0.841125,-0.359875,9.46725,0.0
0.842,-0.359,9.466,0.0
0.841125,-0.35775,9.463624999999999,0.0
0.8402499999999999,-0.3565,9.46125,0.0
0.839375,-0.35524999999999995,9.458874999999999,0.0
0.8385,-0.354,9.456499999999998,0.0
0.837625,-0.35275,9.454125,0.0
0.83675,-0.3515,9.451749999999999,0.0
0.8358749999999999,-0.35024999999999995,9.449375,0.0
0.835,-0.349,9.447,0.0
0.835,-0.3475,9.439874999999999,0.0
0.835,-0.346,9.432749999999999,0.0
0.835,-0.3445,9.425625,0.0
0.835,-0.34299999999999997,9.4185,0.0
0.835,-0.3415,9.411375,0.0
0.835,-0.34,9.404250000000001,0.0
0.835,-0.3385,9.397125,0.0
0.835,-0.337,9.39,0.0
0.835,-0.33725000000000005,9.3885,0.0
0.835,-0.3375,9.387,0.0
0.835,-0.33775,9.3855,0.0
0.835,-0.338,9.384,0.0
0.835,-0.33825000000000005,9.3825,0.0
0.835,-0.3385,9.381,0.0
0.835,-0.33875,9.3795,0.0
0.835,-0.339,9.378,0.0
0.838,-0.339,9.371125,0.0
0.841,-0.339,9.36425,0.0
0.844,-0.339,9.357375000000001,0.0
0.847,-0.339,9.3505,0.0
0.85,-0.339,9.343625,0.0
0.853,-0.339,9.33675,0.0
0.856,-0.339,9.329875000000001,0.0
0.859,-0.339,9.323,0.0
0.861375,-0.338125,9.314625,0.0
0.86375,-0.33725000000000005,9.30625,0.0
0.866125,-0.33637500000000004,9.297875000000001,0.0
0.8685,-0.3355,9.2895,0.0
0.870875,-0.334625,9.281125,0.0
0.87325,-0.33375,9.27275,0.0
0.875625,-0.33287500000000003,9.264375000000001,0.0
0.878,-0.332,9.256,0.0
0.880375,-0.332625,9.250250000000001,0.0
0.88275,-0.33325000000000005,9.2445,0.0
0.885125,-0.33387500000000003,9.23875,0.0
0.8875,-0.3345,9.233,0.0
0.889875,-0.335125,9.227250000000002,0.0
0.89225,-0.33575,9.2215,0.0
0.894625,-0.33637500000000004,9.21575,0.0
0.897,-0.337,9.21,0.0
0.9015,-0.3385,9.201625,0.0
0.906,-0.34,9.19325,0.0
0.9105000000000001,-0.3415,9.184875000000002,0.0
0.915,-0.34299999999999997,9.1765,0.0
0.9195,-0.3445,9.168125,0.0
0.924,-0.346,9.15975,0.0
0.9285000000000001,-0.3475,9.151375000000002,0.0
0.933,-0.349,9.143,0.0
0.936625,-0.34812499999999996,9.129875,0.0
0.94025,-0.34725,9.11675,0.0
0.943875,-0.346375,9.103625000000001,0.0
0.9475,-0.34550000000000003,9.0905,0.0
0.951125,-0.344625,9.077375,0.0
0.95475,-0.34375,9.064250000000001,0.0
0.958375,-0.34287500000000004,9.051125,0.0
0.962,-0.342,9.038,0.0
0.965625,-0.33925000000000005,9.02125,0.0
0.96925,-0.3365,9.0045,0.0
0.9728749999999999,-0.33375,8.98775,0.0
0.9764999999999999,-0.331,8.971,0.0
0.980125,-0.32825000000000004,8.95425,0.0
0.98375,-0.3255,8.9375,0.0
0.987375,-0.32275,8.92075,0.0
0.991,-0.32,8.904,0.0
0.991,-0.32,8.904,0.0
0.991,-0.32,8.904,0.0
0.991,-0.32,8.904,0.0
0.991,-0.32,8.904,0.0
0.991,-0.32,8.904,0.0
0.991,-0.32,8.904,0.0
0.991,-0.32,8.904,0.0
0.991,-0.32,8.904,0.0
0.99425,-0.3215,8.89075,0.0
0.9974999999999999,-0.323,8.8775,0.0
1.00075,-0.3245,8.86425,0.0
1.004,-0.326,8.850999999999999,0.0
1.00725,-0.3275,8.83775,0.0
1.0105,-0.329,8.8245,0.0
1.01375,-0.3305,8.81125,0.0
1.017,-0.332,8.798,0.0
1.01975,-0.33237500000000003,8.784,0.0
1.0225,-0.33275,8.77,0.0
1.02525,-0.333125,8.756,0.0
1.028,-0.3335,8.742,0.0
1.0307499999999998,-0.33387500000000003,8.728,0.0
1.0334999999999999,-0.33425000000000005,8.714,0.0
1.03625,-0.334625,8.7,0.0
1.039,-0.335,8.686,0.0
1.041375,-0.334625,8.6785,0.0
1.04375,-0.33425000000000005,8.671,0.0
1.046125,-0.33387500000000003,8.663499999999999,0.0
1.0485,-0.3335,8.655999999999999,0.0
1.050875,-0.333125,8.6485,0.0
1.05325,-0.33275,8.641,0.0
1.055625,-0.33237500000000003,8.6335,0.0
1.058,-0.332,8.626,0.0
1.0625,-0.329625,8.615874999999999,0.0
1.0670000000000002,-0.32725000000000004,8.60575,0.0
1.0715000000000001,-0.324875,8.595625,0.0
1.076,-0.3225,8.5855,0.0
1.0805,-0.320125,8.575375,0.0
1.085,-0.31775,8.565249999999999,0.0
1.0895000000000001,-0.315375,8.555125,0.0
1.094,-0.313,8.545,0.0
1.09725,-0.315375,8.5315,0.0
1.1005,-0.31775,8.518,0.0
1.10375,-0.320125,8.5045,0.0
1.1070000000000002,-0.3225,8.491,0.0
1.1102500000000002,-0.324875,8.4775,0.0
1.1135000000000002,-0.32725000000000004,8.463999999999999,0.0
1.1167500000000001,-0.329625,8.4505,0.0
1.12,-0.332,8.437,0.0
1.120875,-0.3315,8.429499999999999,0.0
1.12175,-0.331,8.422,0.0
1.122625,-0.3305,8.4145,0.0
1.1235,-0.33,8.407,0.0
1.1243750000000001,-0.3295,8.3995,0.0
1.12525,-0.329,8.392,0.0
1.126125,-0.3285,8.384500000000001,0.0
1.127,-0.328,8.377,0.0
1.13425,-0.3285,8.3645,0.0
1.1415,-0.329,8.352,0.0
1.14875,-0.3295,8.339500000000001,0.0
1.1560000000000001,-0.33,8.327,0.0
1.1632500000000001,-0.3305,8.314499999999999,0.0
1.1705,-0.331,8.302,0.0
1.17775,-0.3315,8.2895,0.0
1.185,-0.332,8.277,0.0
1.193,-0.33175,8.263499999999999,0.0
1.201,-0.3315,8.25,0.0
1.209,-0.33125000000000004,8.2365,0.0
1.217,-0.331,8.222999999999999,0.0
1.225,-0.33075,8.2095,0.0
1.233,-0.3305,8.196,0.0
1.241,-0.33025000000000004,8.182500000000001,0.0
1.249,-0.33,8.169,0.0
1.2528750000000002,-0.32975,8.16325,0.0
1.25675,-0.3295,8.1575,0.0
1.260625,-0.32925000000000004,8.15175,0.0
1.2645,-0.329,8.146,0.0
1.268375,-0.32875,8.14025,0.0
1.27225,-0.3285,8.1345,0.0
1.276125,-0.32825000000000004,8.12875,0.0
1.28,-0.328,8.123,0.0
1.28575,-0.325875,8.108625,0.0
1.2915,-0.32375,8.094249999999999,0.0
1.29725,-0.321625,8.079875,0.0
1.303,-0.3195,8.0655,0.0
1.30875,-0.317375,8.051124999999999,0.0
1.3145,-0.31525000000000003,8.03675,0.0
1.3202500000000001,-0.313125,8.022374999999998,0.0
1.326,-0.311,8.008,0.0
1.33075,-0.3095,7.993624999999999,0.0
1.3355000000000001,-0.308,7.9792499999999995,0.0
1.3402500000000002,-0.3065,7.964874999999999,0.0
1.3450000000000002,-0.305,7.9505,0.0
1.34975,-0.3035,7.936125,0.0
1.3545,-0.302,7.921749999999999,0.0
1.35925,-0.3005,7.907375,0.0
1.364,-0.299,7.893,0.0
1.3685,-0.29625,7.8865,0.0
1.373,-0.2935,7.88,0.0
1.3775,-0.29075,7.8735,0.0
1.3820000000000001,-0.28800000000000003,7.867,0.0
1.3865,-0.28525,7.8605,0.0
1.391,-0.28250000000000003,7.854,0.0
1.3955,-0.27975,7.8475,0.0
1.4,-0.277,7.841,0.0
1.40275,-0.27587500000000004,7.828375,0.0
1.4055,-0.27475000000000005,7.81575,0.0
1.40825,-0.273625,7.8031250000000005,0.0
1.411,-0.2725,7.7905,0.0
1.4137499999999998,-0.27137500000000003,7.777875,0.0
1.4164999999999999,-0.27025,7.76525,0.0
1.41925,-0.269125,7.752625,0.0
1.422,-0.268,7.74,0.0
1.423125,-0.2635,7.731,0.0
1.42425,-0.259,7.722,0.0
1.425375,-0.2545,7.713,0.0
1.4264999999999999,-0.25,7.704000000000001,0.0
1.427625,-0.24550000000000002,7.695,0.0
1.42875,-0.24100000000000002,7.686,0.0
1.429875,-0.23650000000000002,7.6770000000000005,0.0
1.431,-0.232,7.668,0.0
1.431625,-0.233125,7.664125,0.0
1.43225,-0.23425,7.66025,0.0
1.4328750000000001,-0.235375,7.656375,0.0
1.4335,-0.2365,7.6525,0.0
1.4341249999999999,-0.237625,7.648625,0.0
1.43475,-0.23875,7.64475,0.0
1.435375,-0.239875,7.640874999999999,0.0
1.436,-0.241,7.637,0.0
1.4375,-0.238625,7.6335,0.0
1.439,-0.23625,7.63,0.0
1.4405,-0.233875,7.6265,0.0
1.442,-0.23149999999999998,7.622999999999999,0.0
1.4435,-0.229125,7.6194999999999995,0.0
1.4449999999999998,-0.22675,7.616,0.0
1.4465,-0.224375,7.6125,0.0
1.448,-0.222,7.609,0.0
1.442375,-0.22325,7.6035,0.0
1.43675,-0.2245,7.598,0.0
1.431125,-0.22575,7.5925,0.0
1.4255,-0.227,7.587,0.0
1.419875,-0.22825,7.5815,0.0
1.41425,-0.2295,7.5760000000000005,0.0
1.408625,-0.23075,7.5705,0.0
1.403,-0.232,7.565,0.0
1.402625,-0.2305,7.564125000000001,0.0
1.40225,-0.229,7.56325,0.0
1.401875,-0.2275,7.562375,0.0
1.4015,-0.226,7.5615000000000006,0.0
1.401125,-0.2245,7.560625,0.0
1.40075,-0.223,7.55975,0.0
1.400375,-0.2215,7.558875,0.0
1.4,-0.22,7.558,0.0
1.40275,-0.2185,7.553,0.0
1.4055,-0.217,7.548,0.0
1.40825,-0.2155,7.543,0.0
1.411,-0.214,7.538,0.0
1.4137499999999998,-0.2125,7.5329999999999995,0.0
1.4164999999999999,-0.211,7.528,0.0
1.41925,-0.2095,7.523,0.0
1.422,-0.208,7.518,0.0
1.4213749999999998,-0.20825,7.516125,0.0
1.42075,-0.2085,7.51425,0.0
1.420125,-0.20875,7.512375,0.0
1.4195,-0.209,7.5105,0.0
1.4188749999999999,-0.20925,7.508625,0.0
1.41825,-0.2095,7.50675,0.0
1.4176250000000001,-0.20975,7.504875,0.0
1.417,-0.21,7.503,0.0
1.418125,-0.207875,7.50125,0.0
1.41925,-0.20575,7.4995,0.0
1.420375,-0.203625,7.49775,0.0
1.4215,-0.2015,7.496,0.0
1.422625,-0.199375,7.49425,0.0
1.42375,-0.19725,7.4925,0.0
1.424875,-0.195125,7.49075,0.0
1.426,-0.193,7.489,0.0
1.427875,-0.193,7.489,0.0
1.4297499999999999,-0.193,7.489,0.0
1.431625,-0.193,7.489,0.0
1.4335,-0.193,7.489,0.0
1.435375,-0.193,7.489,0.0
1.4372500000000001,-0.193,7.489,0.0
1.439125,-0.193,7.489,0.0
1.441,-0.193,7.489,0.0
1.4455,-0.192125,7.488375,0.0
1.4500000000000002,-0.19125,7.48775,0.0
1.4545000000000001,-0.19037500000000002,7.487125,0.0
1.459,-0.1895,7.4864999999999995,0.0
1.4635,-0.188625,7.485875,0.0
1.468,-0.18775,7.48525,0.0
1.4725000000000001,-0.186875,7.484625,0.0
1.477,-0.186,7.484,0.0
1.48,-0.184875,7.484,0.0
1.483,-0.18375,7.484,0.0
1.486,-0.18262499999999998,7.484,0.0
1.4889999999999999,-0.1815,7.484,0.0
1.492,-0.180375,7.484,0.0
1.4949999999999999,-0.17925,7.484,0.0
1.498,-0.17812499999999998,7.484,0.0
1.501,-0.177,7.484,0.0
1.503625,-0.17725,7.4807500000000005,0.0
1.5062499999999999,-0.1775,7.4775,0.0
1.508875,-0.17775,7.47425,0.0
1.5114999999999998,-0.178,7.471,0.0
1.514125,-0.17825,7.4677500000000006,0.0
1.51675,-0.1785,7.4645,0.0
1.519375,-0.17875,7.46125,0.0
1.522,-0.179,7.458,0.0
1.527125,-0.175375,7.4595,0.0
1.53225,-0.17174999999999999,7.461,0.0
1.537375,-0.168125,7.4625,0.0
1.5425,-0.16449999999999998,7.464,0.0
1.547625,-0.160875,7.4655,0.0
1.55275,-0.15725,7.467,0.0
1.557875,-0.15362499999999998,7.4685,0.0
1.563,-0.15,7.47,0.0
1.569625,-0.147375,7.468125,0.0
1.57625,-0.14475,7.46625,0.0
1.582875,-0.142125,7.4643749999999995,0.0
1.5895000000000001,-0.1395,7.4625,0.0
1.596125,-0.136875,7.460625,0.0
1.6027500000000001,-0.13425,7.45875,0.0
1.609375,-0.131625,7.456875,0.0
1.616,-0.129,7.455,0.0
1.6198750000000002,-0.128625,7.455375,0.0
1.62375,-0.12825,7.45575,0.0
1.627625,-0.12787500000000002,7.456125,0.0
1.6315,-0.1275,7.4565,0.0
1.635375,-0.127125,7.456875,0.0
1.63925,-0.12675,7.45725,0.0
1.643125,-0.12637500000000002,7.457625,0.0
1.647,-0.126,7.458,0.0
1.661,-0.12725,7.44625,0.0
1.675,-0.1285,7.4345,0.0
1.689,-0.12975,7.42275,0.0
1.7029999999999998,-0.131,7.411,0.0
1.7169999999999999,-0.13225,7.39925,0.0
1.7309999999999999,-0.1335,7.3875,0.0
1.7449999999999999,-0.13475,7.37575,0.0
1.759,-0.136,7.364,0.0
1.759,-0.136,7.364,0.0
1.759,-0.136,7.364,0.0
1.759,-0.136,7.364,0.0
1.759,-0.136,7.364,0.0
1.759,-0.136,7.364,0.0
1.759,-0.136,7.364,0.0
1.759,-0.136,7.364,0.0
1.759,-0.136,7.364,0.0
1.761375,-0.135125,7.358625,0.0
1.76375,-0.13425,7.35325,0.0
1.766125,-0.13337500000000002,7.347875,0.0
1.7685,-0.1325,7.342499999999999,0.0
1.770875,-0.131625,7.3371249999999995,0.0
1.77325,-0.13075,7.3317499999999995,0.0
1.775625,-0.12987500000000002,7.326375,0.0
1.778,-0.129,7.321,0.0
1.783125,-0.132875,7.310874999999999,0.0
1.7882500000000001,-0.13675,7.30075,0.0
1.793375,-0.140625,7.290625,0.0
1.7985,-0.14450000000000002,7.2805,0.0
1.803625,-0.148375,7.270375,0.0
1.8087499999999999,-0.15225,7.26025,0.0
1.813875,-0.156125,7.250125000000001,0.0
1.819,-0.16,7.24,0.0
1.8243749999999999,-0.16025,7.228,0.0
1.82975,-0.1605,7.216,0.0
1.8351250000000001,-0.16075,7.204000000000001,0.0
1.8405,-0.161,7.192,0.0
1.845875,-0.16125,7.18,0.0
1.85125,-0.1615,7.168,0.0
1.8566250000000002,-0.16175,7.156000000000001,0.0
1.862,-0.162,7.144,0.0
1.86175,-0.16325,7.13475,0.0
1.8615000000000002,-0.1645,7.125500000000001,0.0
1.86125,-0.16575,7.11625,0.0
1.8610000000000002,-0.16699999999999998,7.107,0.0
1.8607500000000001,-0.16824999999999998,7.0977500000000004,0.0
1.8605,-0.16949999999999998,7.0885,0.0
1.8602500000000002,-0.17074999999999999,7.07925,0.0
1.86,-0.172,7.07,0.0
1.8602500000000002,-0.1735,7.05825,0.0
1.8605,-0.175,7.0465,0.0
1.8607500000000001,-0.1765,7.03475,0.0
1.8610000000000002,-0.178,7.023,0.0
1.86125,-0.1795,7.01125,0.0
1.8615000000000002,-0.181,6.9995,0.0
1.86175,-0.1825,6.98775,0.0
1.862,-0.184,6.976,0.0
1.8647500000000001,-0.187,6.961375,0.0
1.8675000000000002,-0.19,6.94675,0.0
1.87025,-0.193,6.932125,0.0
1.873,-0.196,6.9175,0.0
1.87575,-0.19899999999999998,6.902875,0.0
1.8784999999999998,-0.20199999999999999,6.88825,0.0
1.8812499999999999,-0.205,6.873625,0.0
1.884,-0.208,6.859,0.0
1.88425,-0.208625,6.850375,0.0
1.8844999999999998,-0.20925,6.84175,0.0
1.88475,-0.20987499999999998,6.833125,0.0
1.8849999999999998,-0.2105,6.8245000000000005,0.0
1.8852499999999999,-0.211125,6.815875,0.0
1.8855,-0.21175,6.80725,0.0
1.8857499999999998,-0.21237499999999998,6.798625,0.0
1.886,-0.213,6.79,0.0
1.8836249999999999,-0.215,6.775875,0.0
1.8812499999999999,-0.217,6.76175,0.0
1.8788749999999999,-0.219,6.747625,0.0
1.8765,-0.221,6.733499999999999,0.0
1.874125,-0.223,6.719374999999999,0.0
1.87175,-0.225,6.7052499999999995,0.0
1.869375,-0.227,6.6911249999999995,0.0
1.867,-0.229,6.677,0.0
1.863375,-0.23325,6.665374999999999,0.0
1.85975,-0.23750000000000002,6.65375,0.0
1.856125,-0.24175000000000002,6.642125,0.0
1.8525,-0.246,6.6305,0.0
1.848875,-0.25025000000000003,6.618874999999999,0.0
1.84525,-0.2545,6.60725,0.0
1.841625,-0.25875000000000004,6.595625,0.0
1.838,-0.263,6.584,0.0
1.8395000000000001,-0.26325,6.577624999999999,0.0
1.8410000000000002,-0.2635,6.57125,0.0
1.8425,-0.26375000000000004,6.564875,0.0
1.844,-0.264,6.5585,0.0
1.8455000000000001,-0.26425,6.552125,0.0
1.847,-0.2645,6.54575,0.0
1.8485,-0.26475000000000004,6.539375000000001,0.0
1.85,-0.265,6.533,0.0
1.848875,-0.270125,6.521375000000001,0.0
1.84775,-0.27525,6.50975,0.0
1.846625,-0.280375,6.498125,0.0
1.8455,-0.2855,6.4865,0.0
1.844375,-0.290625,6.474875000000001,0.0
1.84325,-0.29575,6.46325,0.0
1.842125,-0.300875,6.451625,0.0
1.841,-0.306,6.44,0.0
1.835875,-0.30725,6.425625,0.0
1.83075,-0.3085,6.411250000000001,0.0
1.825625,-0.30974999999999997,6.3968750000000005,0.0
1.8205,-0.311,6.3825,0.0
1.815375,-0.31225,6.368125,0.0
1.81025,-0.3135,6.35375,0.0
1.805125,-0.31475,6.339375,0.0
1.8,-0.316,6.325,0.0
1.79725,-0.315,6.321375,0.0
1.7945,-0.314,6.31775,0.0
1.79175,-0.313,6.314125000000001,0.0
1.7890000000000001,-0.312,6.3105,0.0
1.7862500000000001,-0.311,6.306875,0.0
1.7835,-0.31,6.30325,0.0
1.78075,-0.309,6.299625000000001,0.0
1.778,-0.308,6.296,0.0
1.769625,-0.309,6.28375,0.0
1.76125,-0.31,6.2715000000000005,0.0
1.752875,-0.311,6.259250000000001,0.0
1.7445,-0.312,6.247,0.0
1.7361250000000001,-0.313,6.23475,0.0
1.7277500000000001,-0.314,6.2225,0.0
1.719375,-0.315,6.21025,0.0
1.711,-0.316,6.198,0.0
1.7000000000000002,-0.31475,6.189625,0.0
1.689,-0.3135,6.18125,0.0
1.678,-0.31225,6.172875,0.0
1.667,-0.311,6.1645,0.0
1.6560000000000001,-0.30974999999999997,6.156125,0.0
1.645,-0.3085,6.14775,0.0
1.634,-0.30725,6.139375,0.0
1.623,-0.306,6.131,0.0
1.61725,-0.305375,6.129875,0.0
1.6115,-0.30474999999999997,6.12875,0.0
1.60575,-0.304125,6.127625,0.0
1.6,-0.3035,6.1265,0.0
1.59425,-0.302875,6.125375,0.0
1.5885,-0.30225,6.12425,0.0
1.5827499999999999,-0.301625,6.123125,0.0
1.577,-0.301,6.122,0.0
1.5651249999999999,-0.302875,6.118625,0.0
1.55325,-0.30474999999999997,6.11525,0.0
1.541375,-0.306625,6.1118749999999995,0.0
1.5295,-0.3085,6.108499999999999,0.0
1.517625,-0.310375,6.105125,0.0
1.50575,-0.31225,6.10175,0.0
1.493875,-0.314125,6.098375,0.0
1.482,-0.316,6.095,0.0
1.469125,-0.3165,6.094125,0.0
1.45625,-0.317,6.093249999999999,0.0
1.443375,-0.3175,6.092375,0.0
1.4304999999999999,-0.318,6.0915,0.0
1.417625,-0.3185,6.090625,0.0
1.40475,-0.319,6.08975,0.0
1.391875,-0.3195,6.088875,0.0
1.379,-0.32,6.088,0.0
1.369625,-0.327875,6.088625,0.0
1.36025,-0.33575,6.08925,0.0
1.350875,-0.343625,6.089875,0.0
1.3415,-0.35150000000000003,6.0905000000000005,0.0
1.332125,-0.359375,6.091125,0.0
1.32275,-0.36725,6.09175,0.0
1.313375,-0.375125,6.092375,0.0
1.304,-0.383,6.093,0.0
1.3010000000000002,-0.387125,6.09275,0.0
1.298,-0.39125,6.0925,0.0
1.295,-0.395375,6.09225,0.0
1.292,-0.39949999999999997,6.0920000000000005,0.0
1.2890000000000001,-0.403625,6.09175,0.0
1.286,-0.40775,6.0915,0.0
1.283,-0.411875,6.0912500000000005,0.0
1.28,-0.416,6.091,0.0
1.274375,-0.425875,6.0885,0.0
1.26875,-0.43574999999999997,6.086,0.0
1.263125,-0.445625,6.0835,0.0
1.2575,-0.4555,6.0809999999999995,0.0
1.251875,-0.465375,6.0785,0.0
1.24625,-0.47525,6.076,0.0
1.240625,-0.48512500000000003,6.0735,0.0
1.235,-0.495,6.071,0.0
1.23225,-0.507,6.0705,0.0
1.2295,-0.519,6.07,0.0
1.22675,-0.531,6.0695,0.0
1.2240000000000002,-0.5429999999999999,6.069,0.0
1.2212500000000002,-0.5549999999999999,6.0685,0.0
1.2185000000000001,-0.567,6.068,0.0
1.21575,-0.579,6.0675,0.0
1.213,-0.591,6.067,0.0
1.210375,-0.597625,6.063625,0.0
1.20775,-0.60425,6.06025,0.0
1.205125,-0.610875,6.056875,0.0
1.2025000000000001,-0.6174999999999999,6.0535,0.0
1.199875,-0.624125,6.050125,0.0
1.19725,-0.63075,6.04675,0.0
1.194625,-0.637375,6.043375,0.0
1.192,-0.644,6.04,0.0
1.191125,-0.6597500000000001,6.033125,0.0
1.19025,-0.6755,6.02625,0.0
1.189375,-0.69125,6.019375,0.0
1.1885,-0.7070000000000001,6.0125,0.0
1.187625,-0.72275,6.005625,0.0
1.18675,-0.7385,5.99875,0.0
1.185875,-0.75425,5.991875,0.0
1.185,-0.77,5.985,0.0
1.186125,-0.7865,5.977875,0.0
1.1872500000000001,-0.803,5.970750000000001,0.0
1.188375,-0.8195,5.963625,0.0
1.1895,-0.8360000000000001,5.9565,0.0
1.190625,-0.8525,5.949375,0.0
1.1917499999999999,-0.869,5.94225,0.0
1.192875,-0.8855000000000001,5.935125,0.0
1.194,-0.902,5.928,0.0
1.1937499999999999,-0.90925,5.925,0.0
1.1935,-0.9165,5.922,0.0
1.19325,-0.92375,5.919,0.0
1.193,-0.931,5.916,0.0
1.19275,-0.93825,5.913,0.0
1.1925,-0.9455,5.91,0.0
1.19225,-0.95275,5.907,0.0
1.192,-0.96,5.904,0.0
1.192,-0.974375,5.89525,0.0
1.192,-0.98875,5.8865,0.0
1.192,-1.003125,5.87775,0.0
1.192,-1.0175,5.869,0.0
1.192,-1.0318749999999999,5.86025,0.0
1.192,-1.04625,5.8515,0.0
1.192,-1.060625,5.84275,0.0
1.192,-1.075,5.834,0.0
1.19675,-1.091125,5.8305,0.0
1.2015,-1.10725,5.827,0.0
1.20625,-1.123375,5.8235,0.0
1.2109999999999999,-1.1395,5.82,0.0
1.2157499999999999,-1.155625,5.8165,0.0
1.2205,-1.1717499999999998,5.813,0.0
1.22525,-1.187875,5.8095,0.0
1.23,-1.204,5.806,0.0
1.236625,-1.2233749999999999,5.80025,0.0
1.24325,-1.24275,5.7945,0.0
1.2498749999999998,-1.262125,5.78875,0.0
1.2565,-1.2814999999999999,5.7829999999999995,0.0
1.263125,-1.300875,5.7772499999999996,0.0
1.26975,-1.32025,5.7715,0.0
1.2763749999999998,-1.339625,5.76575,0.0
1.283,-1.359,5.76,0.0
1.283,-1.359,5.76,0.0
1.283,-1.359,5.76,0.0
1.283,-1.359,5.76,0.0
1.283,-1.359,5.76,0.0
1.283,-1.359,5.76,0.0
1.283,-1.359,5.76,0.0
1.283,-1.359,5.76,0.0
1.283,-1.359,5.76,0.0
1.28625,-1.371875,5.7555,0.0
1.2894999999999999,-1.38475,5.7509999999999994,0.0
1.2927499999999998,-1.397625,5.7465,0.0
1.2959999999999998,-1.4104999999999999,5.742,0.0
1.29925,-1.423375,5.7375,0.0
1.3025,-1.43625,5.7330000000000005,0.0
1.30575,-1.449125,5.7285,0.0
1.309,-1.462,5.724,0.0
1.3119999999999998,-1.46475,5.723375,0.0
1.315,-1.4675,5.7227500000000004,0.0
1.318,-1.47025,5.722125,0.0
1.321,-1.4729999999999999,5.721500000000001,0.0
1.3239999999999998,-1.47575,5.720875,0.0
1.327,-1.4785,5.72025,0.0
1.33,-1.48125,5.719625000000001,0.0
1.333,-1.484,5.719,0.0
1.339,-1.493875,5.71575,0.0
1.345,-1.50375,5.7125,0.0
1.351,-1.513625,5.70925,0.0
1.357,-1.5234999999999999,5.7059999999999995,0.0
1.363,-1.533375,5.70275,0.0
1.369,-1.54325,5.6995,0.0
1.375,-1.5531249999999999,5.69625,0.0
1.381,-1.563,5.693,0.0
1.390875,-1.5731249999999999,5.6884999999999994,0.0
1.40075,-1.58325,5.683999999999999,0.0
1.410625,-1.593375,5.6795,0.0
1.4205,-1.6035,5.675,0.0
1.430375,-1.6136249999999999,5.6705,0.0
1.44025,-1.6237499999999998,5.666,0.0
1.4501249999999999,-1.633875,5.6615,0.0
1.46,-1.644,5.657,0.0
1.467125,-1.6488749999999999,5.656375,0.0
1.47425,-1.65375,5.65575,0.0
1.4813749999999999,-1.658625,5.655125,0.0
1.4885,-1.6635,5.6545000000000005,0.0
1.495625,-1.668375,5.653875,0.0
1.5027499999999998,-1.67325,5.65325,0.0
1.5098749999999999,-1.678125,5.6526250000000005,0.0
1.517,-1.683,5.652,0.0
1.5274999999999999,-1.6916250000000002,5.6485,0.0
1.5379999999999998,-1.70025,5.645,0.0
1.5485,-1.708875,5.6415,0.0
1.559,-1.7175,5.638,0.0
1.5695,-1.7261250000000001,5.6345,0.0
1.58,-1.73475,5.631,0.0
1.5905,-1.743375,5.6274999999999995,0.0
1.601,-1.752,5.624,0.0
1.61575,-1.7595,5.618625,0.0
1.6305,-1.767,5.61325,0.0
1.64525,-1.7745,5.607875,0.0
1.6600000000000001,-1.782,5.6025,0.0
1.67475,-1.7895,5.597125,0.0
1.6895,-1.7970000000000002,5.59175,0.0
1.70425,-1.8045,5.586375,0.0
1.719,-1.812,5.581,0.0
1.7315,-1.817625,5.5785,0.0
1.744,-1.82325,5.5760000000000005,0.0
1.7565,-1.828875,5.5735,0.0
1.7690000000000001,-1.8345,5.571,0.0
1.7815,-1.840125,5.5685,0.0
1.794,-1.84575,5.566,0.0
1.8065,-1.851375,5.5635,0.0
1.819,-1.857,5.561,0.0
1.825625,-1.860625,5.560125,0.0
1.83225,-1.86425,5.5592500000000005,0.0
1.838875,-1.867875,5.558375,0.0
1.8455,-1.8715,5.5575,0.0
1.852125,-1.875125,5.556625,0.0
1.8587500000000001,-1.87875,5.55575,0.0
1.865375,-1.882375,5.554875,0.0
1.872,-1.886,5.554,0.0
1.8842500000000002,-1.89475,5.551,0.0
1.8965,-1.9035,5.548,0.0
1.90875,-1.91225,5.545,0.0
1.921,-1.9209999999999998,5.542,0.0
1.9332500000000001,-1.9297499999999999,5.539000000000001,0.0
1.9455,-1.9385,5.5360000000000005,0.0
1.9577499999999999,-1.94725,5.533,0.0
1.97,-1.956,5.53,0.0
1.975625,-1.960125,5.530875,0.0
1.98125,-1.96425,5.531750000000001,0.0
1.986875,-1.968375,5.532625,0.0
1.9925000000000002,-1.9725000000000001,5.5335,0.0
1.9981250000000002,-1.976625,5.534375,0.0
2.00375,-1.98075,5.53525,0.0
2.009375,-1.9848750000000002,5.536125,0.0
2.015,-1.989,5.537,0.0
2.024,-1.9928750000000002,5.543,0.0
2.0330000000000004,-1.99675,5.5489999999999995,0.0
2.0420000000000003,-2.000625,5.555,0.0
2.051,-2.0045,5.561,0.0
2.06,-2.008375,5.567,0.0
2.069,-2.01225,5.573,0.0
2.0780000000000003,-2.016125,5.579,0.0
2.087,-2.02,5.585,0.0
2.0945,-2.0305,5.597875,0.0
2.1020000000000003,-2.041,5.6107499999999995,0.0
2.1095,-2.0515,5.623625,0.0
2.117,-2.0620000000000003,5.6365,0.0
2.1245,-2.0725000000000002,5.649375,0.0
2.1319999999999997,-2.083,5.66225,0.0
2.1395,-2.0935,5.6751249999999995,0.0
2.147,-2.104,5.688,0.0
2.15475,-2.110625,5.70425,0.0
2.1624999999999996,-2.1172500000000003,5.7204999999999995,0.0
2.17025,-2.123875,5.73675,0.0
2.178,-2.1305,5.753,0.0
2.18575,-2.137125,5.7692499999999995,0.0
2.1935000000000002,-2.14375,5.7855,0.0
2.20125,-2.150375,5.801749999999999,0.0
2.209,-2.157,5.818,0.0
2.213,-2.162,5.829625,0.0
2.217,-2.167,5.84125,0.0
2.221,-2.172,5.852874999999999,0.0
2.225,-2.177,5.8645,0.0
2.229,-2.182,5.876125,0.0
2.233,-2.1870000000000003,5.88775,0.0
2.237,-2.192,5.899374999999999,0.0
2.241,-2.197,5.911,0.0
2.2487500000000002,-2.208125,5.939375,0.0
2.2565,-2.21925,5.96775,0.0
2.26425,-2.230375,5.996124999999999,0.0
2.2720000000000002,-2.2415000000000003,6.0245,0.0
2.27975,-2.252625,6.052875,0.0
2.2875,-2.26375,6.08125,0.0
2.29525,-2.274875,6.109624999999999,0.0
2.303,-2.286,6.138,0.0
2.791375,-2.371875,9.76125,0.0
3.27975,-2.45775,13.384500000000001,0.0
3.768125,-2.543625,17.00775,0.0
4.2565,-2.6295,20.631,0.0
4.744875,-2.715375,24.25425,0.0
5.23325,-2.80125,27.877500000000005,0.0
5.7216249999999995,-2.887125,31.500750000000004,0.0
6.21,-2.973,35.124,0.0
6.845125,-3.263375,39.955875,0.0
7.48025,-3.55375,44.78775,0.0
8.115375,-3.844125,49.619625,0.0
8.7505,-4.1345,54.451499999999996,0.0
9.385625000000001,-4.424875,59.283375,0.0
10.02075,-4.71525,64.11525,0.0
10.655875,-5.005625,68.947125,0.0
11.291,-5.296,73.779,0.0
11.194,-5.2947500000000005,70.11425,0.0
11.097000000000001,-5.2935,66.4495,0.0
11.0,-5.29225,62.784749999999995,0.0
10.903,-5.291,59.12,0.0
10.806000000000001,-5.28975,55.45525,0.0
10.709,-5.2885,51.790499999999994,0.0
10.612,-5.287249999999999,48.12575,0.0
10.515,-5.286,44.461,0.0
10.11275,-5.239,41.700375,0.0
9.7105,-5.192,38.93975,0.0
9.308250000000001,-5.145,36.179125,0.0
8.906,-5.098,33.4185,0.0
8.50375,-5.051,30.657875,0.0
8.1015,-5.004,27.89725,0.0
7.699249999999999,-4.957,25.136625000000002,0.0
7.297,-4.91,22.376,0.0
7.06475,-4.85825,21.432375,0.0
6.8325,-4.8065,20.48875,0.0
6.60025,-4.7547500000000005,19.545125,0.0
6.368,-4.703,18.6015,0.0
6.13575,-4.65125,17.657875,0.0
5.9035,-4.599500000000001,16.71425,0.0
5.671250000000001,-4.547750000000001,15.770624999999999,0.0
5.439,-4.496,14.827,0.0
5.2645,-4.44775,16.55425,0.0
5.09,-4.399500000000001,18.2815,0.0
4.9155,-4.35125,20.00875,0.0
4.741,-4.303000000000001,21.736,0.0
4.5665000000000004,-4.2547500000000005,23.463250000000002,0.0
4.392,-4.2065,25.1905,0.0
4.2175,-4.158250000000001,26.917749999999998,0.0
4.043,-4.11,28.645,0.0
3.920375,-3.9826250000000005,27.777375,0.0
3.79775,-3.8552500000000003,26.90975,0.0
3.675125,-3.727875,26.042125,0.0
3.5525,-3.6005000000000003,25.174500000000002,0.0
3.429875,-3.4731250000000005,24.306874999999998,0.0
3.30725,-3.3457500000000002,23.43925,0.0
3.1846249999999996,-3.218375,22.571625,0.0
3.062,-3.091,21.704,0.0
2.9924999999999997,-3.02625,21.57825,0.0
2.923,-2.9615,21.4525,0.0
2.8535,-2.89675,21.32675,0.0
2.784,-2.832,21.201,0.0
2.7144999999999997,-2.76725,21.07525,0.0
2.6449999999999996,-2.7025,20.9495,0.0
2.5755,-2.63775,20.82375,0.0
2.506,-2.573,20.698,0.0
2.4117499999999996,-2.452375,20.654875,0.0
2.3175,-2.33175,20.61175,0.0
2.2232499999999997,-2.211125,20.568625,0.0
2.129,-2.0905,20.5255,0.0
2.03475,-1.969875,20.482375,0.0
1.9405,-1.84925,20.43925,0.0
1.84625,-1.728625,20.396125,0.0
1.752,-1.608,20.353,0.0
1.59425,-1.4845000000000002,19.620125,0.0
1.4365,-1.361,18.88725,0.0
1.27875,-1.2375,18.154375,0.0
1.121,-1.114,17.4215,0.0
0.9632499999999999,-0.9905,16.688625000000002,0.0
0.8055,-0.867,15.95575,0.0
0.64775,-0.7435,15.222875,0.0
0.49,-0.62,14.49,0.0
0.457125,-0.56425,14.63,0.0
0.42425,-0.5085,14.77,0.0
0.391375,-0.45275,14.91,0.0
0.3585,-0.397,15.05,0.0
0.325625,-0.34125,15.19,0.0
0.29274999999999995,-0.2855,15.33,0.0
0.25987499999999997,-0.22975,15.469999999999999,0.0
0.227,-0.174,15.61,0.0
0.1765,-0.08825,15.402625,0.0
0.126,-0.0025000000000000022,15.19525,0.0
0.07549999999999998,0.08324999999999999,14.987874999999999,0.0
0.024999999999999994,0.16899999999999998,14.7805,0.0
-0.025499999999999995,0.25475,14.573125000000001,0.0
-0.07600000000000004,0.34049999999999997,14.36575,0.0
-0.12650000000000003,0.42624999999999996,14.158375,0.0
-0.177,0.512,13.951,0.0
-0.223375,0.578375,13.589125000000001,0.0
-0.26975,0.6447499999999999,13.22725,0.0
-0.316125,0.711125,12.865375,0.0
-0.36250000000000004,0.7775,12.503499999999999,0.0
-0.408875,0.8438749999999999,12.141625,0.0
-0.45525000000000004,0.91025,11.77975,0.0
-0.501625,0.976625,11.417874999999999,0.0
-0.548,1.043,11.056,0.0
-0.527,1.044875,10.951875,0.0
-0.506,1.0467499999999998,10.84775,0.0
-0.48500000000000004,1.048625,10.743625,0.0
-0.464,1.0505,10.6395,0.0
-0.443,1.052375,10.535375,0.0
-0.42200000000000004,1.0542500000000001,10.43125,0.0
-0.401,1.056125,10.327125,0.0
-0.38,1.058,10.223,0.0
-0.333,1.043625,10.271500000000001,0.0
-0.28600000000000003,1.02925,10.32,0.0
-0.239,1.014875,10.368500000000001,0.0
-0.192,1.0005,10.417000000000002,0.0
-0.14500000000000002,0.986125,10.4655,0.0
-0.09799999999999998,0.97175,10.514000000000001,0.0
-0.05099999999999999,0.957375,10.5625,0.0
-0.004,0.943,10.611,0.0
0.030500000000000003,0.893625,10.503,0.0
0.065,0.84425,10.395,0.0
0.0995,0.794875,10.287,0.0
0.134,0.7455,10.179,0.0
0.1685,0.696125,10.071,0.0
0.203,0.64675,9.963000000000001,0.0
0.23750000000000002,0.597375,9.855,0.0
0.272,0.548,9.747,0.0
0.30262500000000003,0.516,9.620625,0.0
0.33325000000000005,0.48400000000000004,9.494250000000001,0.0
0.363875,0.452,9.367875,0.0
0.3945,0.42000000000000004,9.2415,0.0
0.42512500000000003,0.388,9.115125,0.0
0.45575,0.356,8.98875,0.0
0.486375,0.32399999999999995,8.862375,0.0
0.517,0.292,8.736,0.0
0.587,0.228875,8.762375,0.0
0.657,0.16574999999999998,8.78875,0.0
0.727,0.10262499999999997,8.815125,0.0
0.7969999999999999,0.03949999999999998,8.8415,0.0
0.867,-0.023625000000000007,8.867875,0.0
0.9369999999999999,-0.08675000000000005,8.89425,0.0
1.007,-0.14987500000000004,8.920625,0.0
1.077,-0.213,8.947,0.0
1.122125,-0.276375,8.809875,0.0
1.16725,-0.33975,8.672749999999999,0.0
1.212375,-0.40312499999999996,8.535625,0.0
1.2574999999999998,-0.4665,8.398499999999999,0.0
1.302625,-0.529875,8.261375,0.0
1.34775,-0.5932499999999999,8.12425,0.0
1.392875,-0.656625,7.987125,0.0
1.438,-0.72,7.85,0.0
1.493125,-0.784375,7.966125,0.0
1.54825,-0.84875,8.08225,0.0
1.603375,-0.913125,8.198375,0.0
1.6585,-0.9775,8.314499999999999,0.0
1.713625,-1.041875,8.430625,0.0
1.76875,-1.1062500000000002,8.54675,0.0
1.8238750000000001,-1.170625,8.662875,0.0
1.879,-1.235,8.779,0.0
1.88025,-1.264875,8.738624999999999,0.0
1.8815,-1.29475,8.69825,0.0
1.88275,-1.3246250000000002,8.657875,0.0
1.884,-1.3545,8.6175,0.0
1.88525,-1.384375,8.577124999999999,0.0
1.8865,-1.41425,8.53675,0.0
1.88775,-1.444125,8.496375,0.0
1.889,-1.474,8.456,0.0
1.9308750000000001,-1.5282499999999999,8.4485,0.0
1.97275,-1.5825,8.440999999999999,0.0
2.014625,-1.63675,8.4335,0.0
2.0565,-1.6909999999999998,8.426,0.0
2.0983750000000003,-1.74525,8.4185,0.0
2.14025,-1.7994999999999999,8.411000000000001,0.0
2.182125,-1.8537499999999998,8.403500000000001,0.0
2.224,-1.908,8.396,0.0
2.24975,-1.9554999999999998,8.455625000000001,0.0
2.2755,-2.003,8.51525,0.0
2.30125,-2.0505,8.574875,0.0
2.327,-2.098,8.6345,0.0
2.3527500000000003,-2.1454999999999997,8.694125,0.0
2.3785000000000003,-2.1929999999999996,8.75375,0.0
2.40425,-2.2405,8.813374999999999,0.0
2.43,-2.288,8.873,0.0
2.440375,-2.3053749999999997,8.850874999999998,0.0
2.45075,-2.32275,8.82875,0.0
2.461125,-2.340125,8.806625,0.0
2.4715,-2.3575,8.7845,0.0
2.481875,-2.374875,8.762374999999999,0.0
2.49225,-2.3922499999999998,8.74025,0.0
2.502625,-2.409625,8.718125,0.0
2.513,-2.427,8.696,0.0
2.525,-2.450625,8.787875,0.0
2.537,-2.47425,8.87975,0.0
2.549,-2.497875,8.971625,0.0
2.561,-2.5215,9.0635,0.0
2.573,-2.545125,9.155375,0.0
2.585,-2.56875,9.24725,0.0
2.597,-2.592375,9.339125,0.0
2.609,-2.616,9.431,0.0
2.608125,-2.6241250000000003,9.385124999999999,0.0
2.60725,-2.63225,9.33925,0.0
2.606375,-2.640375,9.293375,0.0
2.6055,-2.6485000000000003,9.247499999999999,0.0
2.604625,-2.656625,9.201625,0.0
2.60375,-2.66475,9.15575,0.0
2.602875,-2.672875,9.109875,0.0
2.602,-2.681,9.064,0.0
2.6062499999999997,-2.6786250000000003,9.099,0.0
2.6105,-2.67625,9.134,0.0
2.61475,-2.673875,9.169,0.0
2.6189999999999998,-2.6715,9.204,0.0
2.62325,-2.669125,9.238999999999999,0.0
2.6275,-2.66675,9.274,0.0
2.6317500000000003,-2.6643749999999997,9.309,0.0
2.636,-2.662,9.344,0.0
2.6197500000000002,-2.64975,9.358125,0.0
2.6035,-2.6375,9.37225,0.0
2.58725,-2.62525,9.386375,0.0
2.5709999999999997,-2.613,9.400500000000001,0.0
2.55475,-2.60075,9.414625000000001,0.0
2.5385,-2.5885,9.42875,0.0
2.5222499999999997,-2.57625,9.442875,0.0
2.506,-2.564,9.457,0.0
2.4808749999999997,-2.542375,9.43875,0.0
2.45575,-2.52075,9.4205,0.0
2.430625,-2.4991250000000003,9.40225,0.0
2.4055,-2.4775,9.384,0.0
2.380375,-2.455875,9.36575,0.0
2.35525,-2.43425,9.3475,0.0
2.3301250000000002,-2.4126250000000002,9.32925,0.0
2.305,-2.391,9.311,0.0
2.29725,-2.377875,9.32925,0.0
2.2895000000000003,-2.36475,9.3475,0.0
2.28175,-2.351625,9.36575,0.0
2.274,-2.3385,9.384,0.0
2.26625,-2.325375,9.40225,0.0
2.2584999999999997,-2.31225,9.4205,0.0
2.25075,-2.299125,9.43875,0.0
2.243,-2.286,9.457,0.0
2.211875,-2.258125,9.39025,0.0
2.1807499999999997,-2.23025,9.323500000000001,0.0
2.149625,-2.202375,9.25675,0.0
2.1185,-2.1745,9.190000000000001,0.0
2.0873749999999998,-2.1466250000000002,9.12325,0.0
2.05625,-2.1187500000000004,9.0565,0.0
2.025125,-2.090875,8.98975,0.0
1.994,-2.063,8.923,0.0
1.991,-2.031625,8.96875,0.0
1.988,-2.0002500000000003,9.0145,0.0
1.9849999999999999,-1.9688750000000002,9.06025,0.0
1.982,-1.9375,9.106,0.0
1.979,-1.906125,9.15175,0.0
1.976,-1.8747500000000001,9.1975,0.0
1.9729999999999999,-1.843375,9.24325,0.0
1.97,-1.812,9.289,0.0
1.960375,-1.794875,9.268374999999999,0.0
1.95075,-1.7777500000000002,9.24775,0.0
1.941125,-1.760625,9.227125000000001,0.0
1.9315,-1.7435,9.2065,0.0
1.921875,-1.726375,9.185875,0.0
1.91225,-1.70925,9.16525,0.0
1.902625,-1.692125,9.144625000000001,0.0
1.893,-1.675,9.124,0.0
1.880125,-1.646875,9.11175,0.0
1.86725,-1.61875,9.0995,0.0
1.854375,-1.590625,9.087250000000001,0.0
1.8415,-1.5625,9.075,0.0
1.828625,-1.534375,9.06275,0.0
1.81575,-1.50625,9.0505,0.0
1.802875,-1.478125,9.03825,0.0
1.79,-1.45,9.026,0.0
1.7805,-1.4255,9.0155,0.0
1.771,-1.401,9.004999999999999,0.0
1.7615,-1.3765,8.9945,0.0
1.752,-1.3519999999999999,8.984,0.0
1.7425,-1.3275,8.9735,0.0
1.733,-1.303,8.963000000000001,0.0
1.7235,-1.2785,8.9525,0.0
1.714,-1.254,8.942,0.0
1.714875,-1.244125,8.926125,0.0
1.7157499999999999,-1.23425,8.91025,0.0
1.716625,-1.224375,8.894375,0.0
1.7175,-1.2145000000000001,8.878499999999999,0.0
1.718375,-1.204625,8.862625,0.0
1.7192500000000002,-1.19475,8.84675,0.0
1.7201250000000001,-1.1848750000000001,8.830874999999999,0.0
1.721,-1.175,8.815,0.0
1.7272500000000002,-1.156125,8.838125,0.0
1.7335,-1.13725,8.86125,0.0
1.73975,-1.1183750000000001,8.884375,0.0
1.746,-1.0995,8.907499999999999,0.0
1.75225,-1.080625,8.930625,0.0
1.7585,-1.06175,8.95375,0.0
1.7647499999999998,-1.042875,8.976875,0.0
1.771,-1.024,9.0,0.0
1.78775,-1.01175,8.999625,0.0
1.8045,-0.9995,8.99925,0.0
1.82125,-0.9872500000000001,8.998875,0.0
1.838,-0.9750000000000001,8.9985,0.0
1.85475,-0.96275,8.998125,0.0
1.8715,-0.9505,8.99775,0.0
1.88825,-0.93825,8.997375,0.0
1.905,-0.926,8.997,0.0
1.9092500000000001,-0.921875,9.00925,0.0
1.9135,-0.9177500000000001,9.0215,0.0
1.91775,-0.913625,9.03375,0.0
1.9220000000000002,-0.9095,9.046,0.0
1.92625,-0.905375,9.058250000000001,0.0
1.9305,-0.90125,9.070500000000001,0.0
1.93475,-0.8971250000000001,9.08275,0.0
1.939,-0.893,9.095,0.0
1.950375,-0.883125,9.11125,0.0
1.9617499999999999,-0.87325,9.127500000000001,0.0
1.973125,-0.863375,9.14375,0.0
1.9845,-0.8534999999999999,9.16,0.0
1.9958749999999998,-0.843625,9.17625,0.0
2.00725,-0.83375,9.192499999999999,0.0
2.0186249999999997,-0.8238749999999999,9.20875,0.0
2.03,-0.814,9.225,0.0
2.044625,-0.8118749999999999,9.232375,0.0
2.0592499999999996,-0.80975,9.23975,0.0
2.0738749999999997,-0.807625,9.247125,0.0
2.0885,-0.8055,9.2545,0.0
2.103125,-0.803375,9.261875,0.0
2.11775,-0.80125,9.26925,0.0
2.1323749999999997,-0.7991250000000001,9.276625000000001,0.0
2.147,-0.797,9.284,0.0
2.1605,-0.791875,9.311,0.0
2.174,-0.7867500000000001,9.338000000000001,0.0
2.1875,-0.781625,9.365,0.0
2.2009999999999996,-0.7765,9.392,0.0
2.2144999999999997,-0.771375,9.419,0.0
2.2279999999999998,-0.76625,9.446,0.0
2.2415,-0.761125,9.473,0.0
2.255,-0.756,9.5,0.0
2.276,-0.759875,9.556000000000001,0.0
2.2969999999999997,-0.76375,9.612,0.0
2.318,-0.767625,9.668,0.0
2.339,-0.7715000000000001,9.724,0.0
2.36,-0.775375,9.780000000000001,0.0
2.3810000000000002,-0.77925,9.836,0.0
2.402,-0.7831250000000001,9.892,0.0
2.423,-0.787,9.948,0.0
2.423,-0.787,9.948,0.0
2.423,-0.787,9.948,0.0
2.423,-0.787,9.948,0.0
2.423,-0.787,9.948,0.0
2.423,-0.787,9.948,0.0
2.423,-0.787,9.948,0.0
2.423,-0.787,9.948,0.0
2.423,-0.787,9.948,0.0
2.4355,-0.79125,9.959625,0.0
2.448,-0.7955,9.971250000000001,0.0
2.4605,-0.79975,9.982875,0.0
2.473,-0.804,9.9945,0.0
2.4855,-0.80825,10.006125,0.0
2.498,-0.8125,10.01775,0.0
2.5105,-0.81675,10.029375,0.0
2.523,-0.821,10.041,0.0
2.529,-0.822125,10.059000000000001,0.0
2.535,-0.8232499999999999,10.077,0.0
2.5410000000000004,-0.824375,10.095,0.0
2.547,-0.8254999999999999,10.113,0.0
2.553,-0.8266249999999999,10.131,0.0
2.559,-0.82775,10.149000000000001,0.0
2.5650000000000004,-0.8288749999999999,10.167,0.0
2.571,-0.83,10.185,0.0
2.5740000000000003,-0.836375,10.212250000000001,0.0
2.577,-0.84275,10.2395,0.0
2.58,-0.849125,10.26675,0.0
2.583,-0.8554999999999999,10.294,0.0
2.5860000000000003,-0.861875,10.321250000000001,0.0
2.5890000000000004,-0.86825,10.348500000000001,0.0
2.592,-0.874625,10.37575,0.0
2.595,-0.881,10.403,0.0
2.59825,-0.886375,10.414625000000001,0.0
2.6015,-0.89175,10.42625,0.0
2.60475,-0.8971250000000001,10.437875,0.0
2.608,-0.9025000000000001,10.4495,0.0
2.61125,-0.907875,10.461125000000001,0.0
2.6145,-0.91325,10.472750000000001,0.0
2.61775,-0.918625,10.484375,0.0
2.621,-0.924,10.496,0.0
2.621,-0.924,10.51275,0.0
2.621,-0.924,10.5295,0.0
2.621,-0.924,10.54625,0.0
2.621,-0.924,10.563,0.0
2.621,-0.924,10.57975,0.0
2.621,-0.924,10.5965,0.0
2.621,-0.924,10.61325,0.0
2.621,-0.924,10.63,0.0
2.620375,-0.933,10.627875000000001,0.0
2.61975,-0.9420000000000001,10.62575,0.0
2.619125,-0.9510000000000001,10.623625,0.0
2.6185,-0.96,10.621500000000001,0.0
2.617875,-0.969,10.619375,0.0
2.6172500000000003,-0.978,10.61725,0.0
2.616625,-0.987,10.615124999999999,0.0
2.616,-0.996,10.613,0.0
2.60975,-0.99925,10.628,0.0
2.6035,-1.0025,10.643,0.0
2.59725,-1.00575,10.658,0.0
2.591,-1.009,10.673,0.0
2.58475,-1.01225,10.688,0.0
2.5785,-1.0155,10.703,0.0
2.57225,-1.01875,10.718,0.0
2.566,-1.022,10.733,0.0
2.563625,-1.026125,10.732125,0.0
2.56125,-1.03025,10.731250000000001,0.0
2.558875,-1.034375,10.730375,0.0
2.5564999999999998,-1.0385,10.729500000000002,0.0
2.554125,-1.042625,10.728625000000001,0.0
2.55175,-1.0467499999999998,10.72775,0.0
2.549375,-1.050875,10.726875000000001,0.0
2.547,-1.055,10.726,0.0
2.540375,-1.0579999999999998,10.72025,0.0
2.5337500000000004,-1.061,10.714500000000001,0.0
2.5271250000000003,-1.064,10.70875,0.0
2.5205,-1.067,10.703,0.0
2.513875,-1.0699999999999998,10.69725,0.0
2.50725,-1.073,10.6915,0.0
2.5006250000000003,-1.076,10.68575,0.0
2.494,-1.079,10.68,0.0
2.48775,-1.0847499999999999,10.6815,0.0
2.4815,-1.0905,10.683,0.0
2.47525,-1.09625,10.6845,0.0
2.4690000000000003,-1.1019999999999999,10.686,0.0
2.46275,-1.10775,10.6875,0.0
2.4565,-1.1135,10.689,0.0
2.45025,-1.11925,10.6905,0.0
2.444,-1.125,10.692,0.0
2.4383749999999997,-1.12675,10.68275,0.0
2.43275,-1.1285,10.6735,0.0
2.427125,-1.13025,10.664250000000001,0.0
2.4215,-1.1320000000000001,10.655000000000001,0.0
2.4158749999999998,-1.13375,10.64575,0.0
2.41025,-1.1355,10.6365,0.0
2.4046250000000002,-1.13725,10.62725,0.0
2.399,-1.139,10.618,0.0
2.390625,-1.141125,10.624875,0.0
2.38225,-1.14325,10.63175,0.0
2.373875,-1.145375,10.638625000000001,0.0
2.3655,-1.1475,10.6455,0.0
2.357125,-1.149625,10.652375,0.0
2.34875,-1.1517499999999998,10.65925,0.0
2.340375,-1.153875,10.666125000000001,0.0
2.332,-1.156,10.673,0.0
2.322375,-1.1589999999999998,10.65925,0.0
2.31275,-1.162,10.6455,0.0
2.3031249999999996,-1.165,10.63175,0.0
2.2935,-1.168,10.618,0.0
2.283875,-1.1709999999999998,10.60425,0.0
2.27425,-1.174,10.5905,0.0
2.2646249999999997,-1.177,10.57675,0.0
2.255,-1.18,10.563,0.0
2.252625,-1.182625,10.562375000000001,0.0
2.25025,-1.18525,10.56175,0.0
2.247875,-1.187875,10.561125,0.0
2.2455,-1.1905000000000001,10.560500000000001,0.0
2.243125,-1.193125,10.559875,0.0
2.2407500000000002,-1.19575,10.55925,0.0
2.238375,-1.198375,10.558625,0.0
2.236,-1.201,10.558,0.0
2.2317500000000003,-1.2035,10.5595,0.0
2.2275,-1.206,10.561,0.0
2.22325,-1.2085000000000001,10.5625,0.0
2.2190000000000003,-1.211,10.564,0.0
2.21475,-1.2135,10.5655,0.0
2.2105,-1.2160000000000002,10.567,0.0
2.20625,-1.2185000000000001,10.5685,0.0
2.202,-1.221,10.57,0.0
2.1959999999999997,-1.2215,10.561625,0.0
2.19,-1.222,10.55325,0.0
2.184,-1.2225000000000001,10.544875000000001,0.0
2.178,-1.223,10.5365,0.0
2.1719999999999997,-1.2235,10.528125,0.0
2.166,-1.2240000000000002,10.51975,0.0
2.16,-1.2245000000000001,10.511375000000001,0.0
2.154,-1.225,10.503,0.0
2.151625,-1.2268750000000002,10.505375,0.0
2.14925,-1.22875,10.50775,0.0
2.1468749999999996,-1.230625,10.510125,0.0
2.1445,-1.2325,10.5125,0.0
2.142125,-1.234375,10.514875,0.0
2.13975,-1.23625,10.51725,0.0
2.1373749999999996,-1.238125,10.519625,0.0
2.135,-1.24,10.522,0.0
2.1285,-1.241125,10.505625,0.0
2.122,-1.24225,10.48925,0.0
2.1155,-1.2433750000000001,10.472875,0.0
2.109,-1.2445,10.4565,0.0
2.1025,-1.245625,10.440125,0.0
2.096,-1.24675,10.42375,0.0
2.0895,-1.247875,10.407375,0.0
2.083,-1.249,10.391,0.0
2.0820000000000003,-1.249625,10.387375,0.0
2.0810000000000004,-1.25025,10.38375,0.0
2.08,-1.2508750000000002,10.380125,0.0
2.079,-1.2515,10.3765,0.0
2.0780000000000003,-1.252125,10.372875,0.0
2.077,-1.25275,10.369250000000001,0.0
2.076,-1.2533750000000001,10.365625,0.0
2.075,-1.254,10.362,0.0
2.073875,-1.256375,10.3455,0.0
2.07275,-1.25875,10.329,0.0
2.071625,-1.261125,10.3125,0.0
2.0705,-1.2635,10.296,0.0
2.069375,-1.2658749999999999,10.2795,0.0
2.06825,-1.2682499999999999,10.263,0.0
2.067125,-1.270625,10.246500000000001,0.0
2.066,-1.273,10.23,0.0
2.0662499999999997,-1.2751249999999998,10.228250000000001,0.0
2.0665,-1.27725,10.2265,0.0
2.06675,-1.279375,10.22475,0.0
2.067,-1.2814999999999999,10.222999999999999,0.0
2.06725,-1.283625,10.22125,0.0
2.0675,-1.28575,10.2195,0.0
2.06775,-1.287875,10.217749999999999,0.0
2.068,-1.29,10.216,0.0
2.0688750000000002,-1.2930000000000001,10.20725,0.0
2.06975,-1.296,10.1985,0.0
2.070625,-1.299,10.18975,0.0
2.0715000000000003,-1.302,10.181000000000001,0.0
2.072375,-1.3050000000000002,10.17225,0.0
2.0732500000000003,-1.308,10.1635,0.0
2.074125,-1.311,10.15475,0.0
2.075,-1.314,10.146,0.0
2.07925,-1.3178750000000001,10.137125000000001,0.0
2.0835,-1.32175,10.128250000000001,0.0
2.08775,-1.325625,10.119375,0.0
2.092,-1.3295,10.1105,0.0
2.09625,-1.333375,10.101625,0.0
2.1005000000000003,-1.33725,10.092749999999999,0.0
2.10475,-1.341125,10.083874999999999,0.0
2.109,-1.345,10.075,0.0
2.11225,-1.345,10.067499999999999,0.0
2.1155,-1.345,10.059999999999999,0.0
2.11875,-1.345,10.0525,0.0
2.122,-1.345,10.045,0.0
2.12525,-1.345,10.0375,0.0
2.1285,-1.345,10.030000000000001,0.0
2.13175,-1.345,10.0225,0.0
2.135,-1.345,10.015,0.0
2.1422499999999998,-1.34675,10.003,0.0
2.1494999999999997,-1.3485,9.991,0.0
2.1567499999999997,-1.35025,9.979000000000001,0.0
2.1639999999999997,-1.3519999999999999,9.967,0.0
2.17125,-1.35375,9.955,0.0
2.1785,-1.3555,9.943000000000001,0.0
2.18575,-1.35725,9.931000000000001,0.0
2.193,-1.359,9.919,0.0
2.201625,-1.36025,9.91625,0.0
2.2102500000000003,-1.3615,9.9135,0.0
2.218875,-1.36275,9.91075,0.0
2.2275,-1.3639999999999999,9.908000000000001,0.0
2.236125,-1.36525,9.90525,0.0
2.24475,-1.3665,9.9025,0.0
2.253375,-1.36775,9.899750000000001,0.0
2.262,-1.369,9.897,0.0
2.26475,-1.369875,9.895875,0.0
2.2675,-1.37075,9.89475,0.0
2.27025,-1.3716249999999999,9.893625,0.0
2.2729999999999997,-1.3725,9.8925,0.0
2.27575,-1.373375,9.891375,0.0
2.2784999999999997,-1.37425,9.89025,0.0
2.28125,-1.375125,9.889125,0.0
2.284,-1.376,9.888,0.0
2.29175,-1.376375,9.8865,0.0
2.2995,-1.37675,9.885,0.0
2.30725,-1.377125,9.8835,0.0
2.315,-1.3775,9.882,0.0
2.32275,-1.377875,9.8805,0.0
2.3305,-1.37825,9.879,0.0
2.33825,-1.378625,9.8775,0.0
2.346,-1.379,9.876,0.0
2.3537500000000002,-1.3745,9.864374999999999,0.0
2.3615,-1.37,9.85275,0.0
2.36925,-1.3655,9.841125,0.0
2.377,-1.361,9.8295,0.0
2.38475,-1.3565,9.817874999999999,0.0
2.3925,-1.3519999999999999,9.806249999999999,0.0
2.4002499999999998,-1.3475,9.794625,0.0
2.408,-1.343,9.783,0.0
2.41075,-1.344125,9.777875,0.0
2.4135,-1.34525,9.77275,0.0
2.41625,-1.346375,9.767625,0.0
2.419,-1.3475000000000001,9.7625,0.0
2.4217500000000003,-1.348625,9.757375,0.0
2.4245,-1.34975,9.75225,0.0
2.42725,-1.350875,9.747125,0.0
2.43,-1.352,9.742,0.0
2.43325,-1.3505,9.739875000000001,0.0
2.4365,-1.3490000000000002,9.73775,0.0
2.43975,-1.3475000000000001,9.735625,0.0
2.443,-1.346,9.7335,0.0
2.44625,-1.3445,9.731375,0.0
2.4495,-1.343,9.72925,0.0
2.45275,-1.3415000000000001,9.727125,0.0
2.456,-1.34,9.725,0.0
2.458125,-1.3358750000000001,9.71275,0.0
2.46025,-1.33175,9.7005,0.0
2.4623749999999998,-1.327625,9.68825,0.0
2.4645,-1.3235000000000001,9.676,0.0
2.466625,-1.319375,9.66375,0.0
2.46875,-1.31525,9.6515,0.0
2.470875,-1.3111249999999999,9.63925,0.0
2.473,-1.307,9.627,0.0
2.472625,-1.30425,9.621875000000001,0.0
2.47225,-1.3014999999999999,9.61675,0.0
2.471875,-1.2987499999999998,9.611625,0.0
2.4715,-1.2959999999999998,9.6065,0.0
2.4711250000000002,-1.29325,9.601375,0.0
2.4707500000000002,-1.2905,9.596250000000001,0.0
2.470375,-1.28775,9.591125,0.0
2.47,-1.285,9.586,0.0
2.4712500000000004,-1.282,9.57525,0.0
2.4725,-1.279,9.5645,0.0
2.47375,-1.2759999999999998,9.55375,0.0
2.475,-1.273,9.543,0.0
2.4762500000000003,-1.27,9.53225,0.0
2.4775,-1.267,9.5215,0.0
2.47875,-1.2639999999999998,9.51075,0.0
2.48,-1.261,9.5,0.0
2.48,-1.2594999999999998,9.485625,0.0
2.48,-1.258,9.47125,0.0
2.48,-1.2565,9.456875,0.0
2.48,-1.255,9.442499999999999,0.0
2.48,-1.2535,9.428125,0.0
2.48,-1.252,9.41375,0.0
2.48,-1.2505000000000002,9.399375,0.0
2.48,-1.249,9.385,0.0
2.48,-1.2472500000000002,9.37875,0.0
2.48,-1.2455,9.3725,0.0
2.48,-1.2437500000000001,9.36625,0.0
2.48,-1.242,9.36,0.0
2.48,-1.24025,9.35375,0.0
2.48,-1.2385000000000002,9.3475,0.0
2.48,-1.23675,9.34125,0.0
2.48,-1.235,9.335,0.0
2.47875,-1.2328750000000002,9.317625000000001,0.0
2.4775,-1.23075,9.30025,0.0
2.4762500000000003,-1.228625,9.282875,0.0
2.475,-1.2265000000000001,9.2655,0.0
2.47375,-1.224375,9.248125,0.0
2.4725,-1.22225,9.23075,0.0
2.4712500000000004,-1.220125,9.213375,0.0
2.47,-1.218,9.196,0.0
2.470625,-1.214375,9.18075,0.0
2.4712500000000004,-1.21075,9.1655,0.0
2.4718750000000003,-1.207125,9.15025,0.0
2.4725,-1.2035,9.135,0.0
2.473125,-1.199875,9.11975,0.0
2.47375,-1.19625,9.1045,0.0
2.474375,-1.192625,9.08925,0.0
2.475,-1.189,9.074,0.0
2.475375,-1.18425,9.064125,0.0
2.47575,-1.1795,9.05425,0.0
2.476125,-1.17475,9.044374999999999,0.0
2.4765,-1.17,9.0345,0.0
2.476875,-1.1652500000000001,9.024625,0.0
2.47725,-1.1605,9.01475,0.0
2.477625,-1.15575,9.004874999999998,0.0
2.478,-1.151,8.995,0.0
2.47675,-1.14925,8.981499999999999,0.0
2.4755000000000003,-1.1475,8.968,0.0
2.47425,-1.14575,8.9545,0.0
2.473,-1.1440000000000001,8.940999999999999,0.0
2.47175,-1.14225,8.9275,0.0
2.4705,-1.1405,8.914,0.0
2.46925,-1.13875,8.900500000000001,0.0
2.468,-1.137,8.887,0.0
2.462875,-1.133625,8.8735,0.0
2.45775,-1.13025,8.86,0.0
2.452625,-1.126875,8.8465,0.0
2.4475,-1.1235,8.833,0.0
2.442375,-1.120125,8.8195,0.0
2.43725,-1.1167500000000001,8.806000000000001,0.0
2.432125,-1.113375,8.7925,0.0
2.427,-1.11,8.779,0.0
2.424625,-1.108875,8.770624999999999,0.0
2.42225,-1.10775,8.76225,0.0
2.419875,-1.106625,8.753875,0.0
2.4175,-1.1055000000000001,8.7455,0.0
2.4151249999999997,-1.104375,8.737124999999999,0.0
2.41275,-1.10325,8.72875,0.0
2.410375,-1.102125,8.720375,0.0
2.408,-1.101,8.712,0.0
2.404125,-1.098625,8.703624999999999,0.0
2.4002499999999998,-1.09625,8.69525,0.0
2.396375,-1.093875,8.686875,0.0
2.3925,-1.0915,8.6785,0.0
2.3886249999999998,-1.0891250000000001,8.670124999999999,0.0
2.38475,-1.08675,8.66175,0.0
2.3808749999999996,-1.084375,8.653375,0.0
2.377,-1.082,8.645,0.0
2.3703749999999997,-1.076875,8.62975,0.0
2.3637499999999996,-1.07175,8.6145,0.0
2.357125,-1.066625,8.59925,0.0
2.3505,-1.0615,8.584,0.0
2.3438749999999997,-1.056375,8.56875,0.0
2.33725,-1.05125,8.5535,0.0
2.330625,-1.046125,8.53825,0.0
2.324,-1.041,8.523,0.0
2.3194999999999997,-1.0371249999999999,8.518875,0.0
2.315,-1.03325,8.51475,0.0
2.3104999999999998,-1.029375,8.510625,0.0
2.306,-1.0255,8.506499999999999,0.0
2.3015,-1.021625,8.502375,0.0
2.2969999999999997,-1.01775,8.49825,0.0
2.2925,-1.013875,8.494125,0.0
2.288,-1.01,8.49,0.0
2.2784999999999997,-1.00725,8.480625,0.0
2.269,-1.0045,8.47125,0.0
2.2595,-1.00175,8.461875,0.0
2.25,-0.999,8.4525,0.0
2.2405,-0.99625,8.443125,0.0
2.231,-0.9935,8.43375,0.0
2.2215000000000003,-0.99075,8.424375,0.0
2.212,-0.988,8.415,0.0
2.20425,-0.982,8.404874999999999,0.0
2.1965000000000003,-0.976,8.394749999999998,0.0
2.18875,-0.97,8.384625,0.0
2.181,-0.964,8.3745,0.0
2.17325,-0.958,8.364374999999999,0.0
2.1654999999999998,-0.952,8.35425,0.0
2.15775,-0.946,8.344125,0.0
2.15,-0.94,8.334,0.0
2.14575,-0.934125,8.328624999999999,0.0
2.1414999999999997,-0.92825,8.32325,0.0
2.13725,-0.922375,8.317875,0.0
2.133,-0.9165,8.3125,0.0
2.12875,-0.910625,8.307125,0.0
2.1245000000000003,-0.9047499999999999,8.30175,0.0
2.12025,-0.898875,8.296375000000001,0.0
2.116,-0.893,8.291,0.0
2.1115,-0.8911250000000001,8.28525,0.0
2.107,-0.88925,8.2795,0.0
2.1025,-0.887375,8.27375,0.0
2.098,-0.8855,8.268,0.0
2.0935,-0.883625,8.26225,0.0
2.089,-0.88175,8.256499999999999,0.0
2.0845000000000002,-0.879875,8.25075,0.0
2.08,-0.878,8.245,0.0
2.0728750000000002,-0.87325,8.240874999999999,0.0
2.06575,-0.8685,8.236749999999999,0.0
2.058625,-0.86375,8.232624999999999,0.0
2.0515,-0.859,8.2285,0.0
2.044375,-0.85425,8.224375,0.0
2.0372500000000002,-0.8494999999999999,8.22025,0.0
2.030125,-0.84475,8.216125,0.0
2.023,-0.84,8.212,0.0
2.0185,-0.834625,8.210125,0.0
2.0140000000000002,-0.82925,8.20825,0.0
2.0095,-0.823875,8.206375,0.0
2.005,-0.8185,8.2045,0.0
2.0005,-0.813125,8.202625,0.0
1.996,-0.80775,8.20075,0.0
1.9915,-0.8023750000000001,8.198875,0.0
1.987,-0.797,8.197,0.0
1.9816250000000002,-0.794875,8.19675,0.0
1.97625,-0.7927500000000001,8.1965,0.0
1.970875,-0.790625,8.19625,0.0
1.9655,-0.7885,8.196,0.0
1.9601250000000001,-0.786375,8.19575,0.0
1.95475,-0.78425,8.1955,0.0
1.9493749999999999,-0.7821250000000001,8.19525,0.0
1.944,-0.78,8.195,0.0
1.9425,-0.777875,8.195625,0.0
1.9409999999999998,-0.77575,8.19625,0.0
1.9395,-0.773625,8.196875,0.0
1.938,-0.7715000000000001,8.1975,0.0
1.9364999999999999,-0.769375,8.198125,0.0
1.935,-0.76725,8.19875,0.0
1.9335,-0.765125,8.199375,0.0
1.932,-0.763,8.2,0.0
1.928625,-0.760625,8.200249999999999,0.0
1.92525,-0.75825,8.2005,0.0
1.921875,-0.755875,8.20075,0.0
1.9184999999999999,-0.7535000000000001,8.201,0.0
1.915125,-0.751125,8.20125,0.0
1.91175,-0.74875,8.2015,0.0
1.908375,-0.746375,8.20175,0.0
1.905,-0.744,8.202,0.0
1.9045,-0.74225,8.20325,0.0
1.904,-0.7404999999999999,8.2045,0.0
1.9035,-0.73875,8.20575,0.0
1.903,-0.737,8.207,0.0
1.9025,-0.73525,8.20825,0.0
1.9020000000000001,-0.7335,8.2095,0.0
1.9015,-0.73175,8.210749999999999,0.0
1.901,-0.73,8.212,0.0
1.89675,-0.73025,8.215,0.0
1.8925,-0.7304999999999999,8.218,0.0
1.88825,-0.73075,8.221,0.0
1.884,-0.731,8.224,0.0
1.87975,-0.73125,8.227,0.0
1.8755,-0.7315,8.23,0.0
1.87125,-0.73175,8.233,0.0
1.867,-0.732,8.236,0.0
1.8655,-0.7338749999999999,8.243125000000001,0.0
1.8639999999999999,-0.73575,8.250250000000001,0.0
1.8625,-0.737625,8.257375,0.0
1.861,-0.7395,8.2645,0.0
1.8595,-0.741375,8.271625,0.0
1.858,-0.74325,8.278749999999999,0.0
1.8565,-0.745125,8.285874999999999,0.0
1.855,-0.747,8.293,0.0
1.85375,-0.746375,8.296375,0.0
1.8525,-0.74575,8.29975,0.0
1.85125,-0.745125,8.303125,0.0
1.85,-0.7444999999999999,8.3065,0.0
1.84875,-0.743875,8.309875,0.0
1.8475,-0.74325,8.31325,0.0
1.84625,-0.742625,8.316625,0.0
1.845,-0.742,8.32,0.0
1.845375,-0.74825,8.334625,0.0
1.84575,-0.7545,8.34925,0.0
1.846125,-0.76075,8.363875,0.0
1.8465,-0.767,8.378499999999999,0.0
1.846875,-0.77325,8.393125,0.0
1.84725,-0.7795000000000001,8.40775,0.0
1.847625,-0.7857500000000001,8.422374999999999,0.0
1.848,-0.792,8.437,0.0
1.848,-0.792,8.437,0.0
1.848,-0.792,8.437,0.0
1.848,-0.792,8.437,0.0
1.848,-0.792,8.437,0.0
1.848,-0.792,8.437,0.0
1.848,-0.792,8.437,0.0
1.848,-0.792,8.437,0.0
