-0.938,-0.814,9.953,1.0
-0.9356249999999999,-0.819,9.9505,1.0
-0.9332499999999999,-0.824,9.948,1.0
-0.930875,-0.829,9.9455,1.0
-0.9285,-0.834,9.943,1.0
-0.926125,-0.839,9.9405,1.0
-0.9237500000000001,-0.844,9.937999999999999,1.0
-0.921375,-0.849,9.9355,1.0
-0.919,-0.854,9.933,1.0
-0.919625,-0.853375,9.93275,1.0
-0.92025,-0.85275,9.9325,1.0
-0.920875,-0.852125,9.93225,1.0
-0.9215,-0.8514999999999999,9.931999999999999,1.0
-0.9221250000000001,-0.8508749999999999,9.93175,1.0
-0.9227500000000001,-0.85025,9.9315,1.0
-0.9233750000000001,-0.849625,9.931249999999999,1.0
-0.924,-0.849,9.931,1.0
-0.918625,-0.852625,9.92775,1.0
-0.91325,-0.85625,9.924499999999998,1.0
-0.907875,-0.859875,9.921249999999999,1.0
-0.9025000000000001,-0.8634999999999999,9.918,1.0
-0.8971250000000001,-0.867125,9.91475,1.0
-0.89175,-0.87075,9.9115,1.0
-0.886375,-0.874375,9.908249999999999,1.0
-0.881,-0.878,9.905,1.0
-0.881,-0.878,9.905,1.0
-0.881,-0.878,9.905,1.0
-0.881,-0.878,9.905,1.0
-0.881,-0.878,9.905,1.0
-0.881,-0.878,9.905,1.0
-0.881,-0.878,9.905,1.0
-0.881,-0.878,9.905,1.0
-0.881,-0.878,9.905,1.0
-0.87525,-0.883375,9.903125,1.0
-0.8694999999999999,-0.88875,9.90125,1.0
-0.86375,-0.8941250000000001,9.899375,1.0
-0.858,-0.8995,9.8975,1.0
-0.85225,-0.904875,9.895625,1.0
-0.8465,-0.91025,9.89375,1.0
-0.84075,-0.915625,9.891875,1.0
-0.835,-0.921,9.89,1.0
-0.835,-0.924,9.89,1.0
-0.835,-0.927,9.89,1.0
-0.835,-0.93,9.89,1.0
-0.835,-0.933,9.89,1.0
-0.835,-0.9359999999999999,9.89,1.0
-0.835,-0.939,9.89,1.0
-0.835,-0.942,9.89,1.0
-0.835,-0.945,9.89,1.0
-0.829375,-0.951,9.889750000000001,1.0
-0.82375,-0.957,9.8895,1.0
-0.818125,-0.963,9.88925,1.0
-0.8125,-0.969,9.889,1.0
-0.806875,-0.975,9.88875,1.0
-0.80125,-0.981,9.8885,1.0
-0.795625,-0.987,9.88825,1.0
-0.79,-0.993,9.888,1.0
-0.789,-0.996625,9.887375,1.0
-0.788,-1.00025,9.88675,1.0
-0.787,-1.003875,9.886125,1.0
-0.786,-1.0075,9.8855,1.0
-0.785,-1.011125,9.884875,1.0
-0.784,-1.01475,9.88425,1.0
-0.783,-1.018375,9.883624999999999,1.0
-0.782,-1.022,9.883,1.0
-0.782,-1.024625,9.88125,1.0
-0.782,-1.02725,9.8795,1.0
-0.782,-1.029875,9.877749999999999,1.0
-0.782,-1.0325,9.876,1.0
-0.782,-1.0351249999999999,9.87425,1.0
-0.782,-1.03775,9.872499999999999,1.0
-0.782,-1.040375,9.87075,1.0
-0.782,-1.043,9.869,1.0
-0.77725,-1.044,9.866249999999999,1.0
-0.7725,-1.045,9.8635,1.0
-0.76775,-1.0459999999999998,9.86075,1.0
-0.763,-1.047,9.858,1.0
-0.75825,-1.048,9.85525,1.0
-0.7535000000000001,-1.049,9.8525,1.0
-0.74875,-1.0499999999999998,9.84975,1.0
-0.744,-1.051,9.847,1.0
-0.742875,-1.053,9.840375,1.0
-0.74175,-1.055,9.83375,1.0
-0.740625,-1.057,9.827125,1.0
-0.7395,-1.059,9.8205,1.0
-0.738375,-1.061,9.813875,1.0
-0.73725,-1.063,9.80725,1.0
-0.736125,-1.065,9.800625,1.0
-0.735,-1.067,9.794,1.0
-0.735875,-1.0699999999999998,9.791625,1.0
-0.73675,-1.073,9.789250000000001,1.0
-0.737625,-1.076,9.786875,1.0
-0.7384999999999999,-1.079,9.784500000000001,1.0
-0.739375,-1.0819999999999999,9.782125,1.0
-0.74025,-1.085,9.77975,1.0
-0.741125,-1.088,9.777375000000001,1.0
-0.742,-1.091,9.775,1.0
-0.7375,-1.095875,9.764625,1.0
-0.733,-1.10075,9.75425,1.0
-0.7284999999999999,-1.1056249999999999,9.743875000000001,1.0
-0.724,-1.1105,9.7335,1.0
-0.7195,-1.115375,9.723125,1.0
-0.715,-1.12025,9.71275,1.0
-0.7104999999999999,-1.125125,9.702375,1.0
-0.706,-1.13,9.692,1.0
-0.708625,-1.13475,9.6835,1.0
-0.7112499999999999,-1.1395,9.675,1.0
-0.7138749999999999,-1.14425,9.666500000000001,1.0
-0.7164999999999999,-1.149,9.658000000000001,1.0
-0.719125,-1.1537499999999998,9.6495,1.0
-0.72175,-1.1584999999999999,9.641,1.0
-0.724375,-1.16325,9.6325,1.0
-0.727,-1.168,9.624,1.0
-0.7264999999999999,-1.1701249999999999,9.620125,1.0
-0.726,-1.17225,9.61625,1.0
-0.7255,-1.174375,9.612375,1.0
-0.725,-1.1764999999999999,9.6085,1.0
-0.7244999999999999,-1.178625,9.604625,1.0
-0.724,-1.18075,9.60075,1.0
-0.7235,-1.1828750000000001,9.596875,1.0
-0.723,-1.185,9.593,1.0
-0.72475,-1.1876250000000002,9.58825,1.0
-0.7264999999999999,-1.19025,9.5835,1.0
-0.72825,-1.192875,9.57875,1.0
-0.73,-1.1955,9.574,1.0
-0.73175,-1.198125,9.56925,1.0
-0.7335,-1.20075,9.564499999999999,1.0
-0.73525,-1.2033749999999999,9.55975,1.0
-0.737,-1.206,9.555,1.0
-0.73875,-1.206625,9.552875,1.0
-0.7404999999999999,-1.20725,9.55075,1.0
-0.74225,-1.207875,9.548625,1.0
-0.744,-1.2085,9.5465,1.0
-0.74575,-1.209125,9.544375,1.0
-0.7475,-1.20975,9.54225,1.0
-0.74925,-1.210375,9.540125,1.0
-0.751,-1.211,9.538,1.0
-0.751625,-1.2101250000000001,9.533875,1.0
-0.75225,-1.20925,9.52975,1.0
-0.752875,-1.208375,9.525625,1.0
-0.7535000000000001,-1.2075,9.5215,1.0
-0.754125,-1.206625,9.517375000000001,1.0
-0.75475,-1.20575,9.513250000000001,1.0
-0.755375,-1.204875,9.509125000000001,1.0
-0.756,-1.204,9.505,1.0
-0.758375,-1.2055,9.501625,1.0
-0.76075,-1.2069999999999999,9.49825,1.0
-0.763125,-1.2085,9.494875,1.0
-0.7655000000000001,-1.21,9.4915,1.0
-0.767875,-1.2115,9.488125,1.0
-0.77025,-1.213,9.48475,1.0
-0.772625,-1.2145,9.481375,1.0
-0.775,-1.216,9.478,1.0
-0.78225,-1.21325,9.471125,1.0
-0.7895,-1.2105,9.46425,1.0
-0.79675,-1.2077499999999999,9.457374999999999,1.0
-0.804,-1.205,9.4505,1.0
-0.81125,-1.20225,9.443625,1.0
-0.8185,-1.1995,9.43675,1.0
-0.82575,-1.19675,9.429875,1.0
-0.833,-1.194,9.423,1.0
-0.8374999999999999,-1.189875,9.418875,1.0
-0.842,-1.18575,9.41475,1.0
-0.8465,-1.181625,9.410625,1.0
-0.851,-1.1775,9.406500000000001,1.0
-0.8554999999999999,-1.173375,9.402375000000001,1.0
-0.86,-1.16925,9.39825,1.0
-0.8645,-1.165125,9.394125,1.0
-0.869,-1.161,9.39,1.0
-0.874,-1.154375,9.384875000000001,1.0
-0.879,-1.14775,9.379750000000001,1.0
-0.884,-1.1411250000000002,9.374625,1.0
-0.889,-1.1345,9.3695,1.0
-0.894,-1.127875,9.364375,1.0
-0.899,-1.12125,9.35925,1.0
-0.904,-1.1146250000000002,9.354125,1.0
-0.909,-1.108,9.349,1.0
-0.915875,-1.104125,9.346375,1.0
-0.92275,-1.10025,9.34375,1.0
-0.929625,-1.096375,9.341125,1.0
-0.9365,-1.0925,9.3385,1.0
-0.943375,-1.088625,9.335875,1.0
-0.95025,-1.08475,9.33325,1.0
-0.957125,-1.080875,9.330625,1.0
-0.964,-1.077,9.328,1.0
-0.967375,-1.074875,9.324625,1.0
-0.97075,-1.07275,9.32125,1.0
-0.974125,-1.070625,9.317874999999999,1.0
-0.9775,-1.0685,9.314499999999999,1.0
-0.9808749999999999,-1.066375,9.311125,1.0
-0.98425,-1.06425,9.30775,1.0
-0.987625,-1.062125,9.304375,1.0
-0.991,-1.06,9.301,1.0
-0.991625,-1.060875,9.304875000000001,1.0
-0.99225,-1.06175,9.30875,1.0
-0.992875,-1.062625,9.312625,1.0
-0.9935,-1.0635,9.316500000000001,1.0
-0.994125,-1.064375,9.320375,1.0
-0.99475,-1.06525,9.324250000000001,1.0
-0.995375,-1.066125,9.328125,1.0
-0.996,-1.067,9.332,1.0
-0.993875,-1.067,9.335,1.0
-0.99175,-1.067,9.338000000000001,1.0
-0.989625,-1.067,9.341000000000001,1.0
-0.9875,-1.067,9.344000000000001,1.0
-0.985375,-1.067,9.347,1.0
-0.98325,-1.067,9.35,1.0
-0.981125,-1.067,9.353,1.0
-0.979,-1.067,9.356,1.0
-0.97625,-1.067,9.360875,1.0
-0.9735,-1.067,9.36575,1.0
-0.97075,-1.067,9.370625,1.0
-0.968,-1.067,9.375499999999999,1.0
-0.9652499999999999,-1.067,9.380374999999999,1.0
-0.9624999999999999,-1.067,9.38525,1.0
-0.95975,-1.067,9.390125,1.0
-0.957,-1.067,9.395,1.0
-0.9555,-1.064625,9.394375,1.0
-0.954,-1.06225,9.39375,1.0
-0.9524999999999999,-1.059875,9.393125,1.0
-0.951,-1.0575,9.3925,1.0
-0.9495,-1.055125,9.391875,1.0
-0.948,-1.05275,9.39125,1.0
-0.9464999999999999,-1.050375,9.390625,1.0
-0.945,-1.048,9.39,1.0
-0.944125,-1.042875,9.3945,1.0
-0.9432499999999999,-1.03775,9.399000000000001,1.0
-0.942375,-1.032625,9.403500000000001,1.0
-0.9415,-1.0274999999999999,9.408000000000001,1.0
-0.9406249999999999,-1.022375,9.4125,1.0
-0.93975,-1.01725,9.417,1.0
-0.9388749999999999,-1.012125,9.4215,1.0
-0.938,-1.007,9.426,1.0
-0.940125,-0.9998749999999998,9.42775,1.0
-0.9422499999999999,-0.9927499999999999,9.4295,1.0
-0.944375,-0.985625,9.43125,1.0
-0.9464999999999999,-0.9784999999999999,9.433,1.0
-0.9486249999999999,-0.9713749999999999,9.43475,1.0
-0.95075,-0.9642499999999999,9.436499999999999,1.0
-0.9528749999999999,-0.957125,9.43825,1.0
-0.955,-0.95,9.44,1.0
-0.9552499999999999,-0.9452499999999999,9.442124999999999,1.0
-0.9555,-0.9405,9.44425,1.0
-0.95575,-0.93575,9.446375,1.0
-0.956,-0.931,9.4485,1.0
-0.9562499999999999,-0.92625,9.450625,1.0
-0.9564999999999999,-0.9215,9.45275,1.0
-0.95675,-0.9167500000000001,9.454875000000001,1.0
-0.957,-0.912,9.457,1.0
-0.9582499999999999,-0.9071250000000001,9.46175,1.0
-0.9595,-0.90225,9.4665,1.0
-0.96075,-0.897375,9.47125,1.0
-0.962,-0.8925000000000001,9.475999999999999,1.0
-0.9632499999999999,-0.887625,9.48075,1.0
-0.9644999999999999,-0.88275,9.4855,1.0
-0.96575,-0.877875,9.49025,1.0
-0.967,-0.873,9.495,1.0
-0.968125,-0.870375,9.502749999999999,1.0
-0.96925,-0.86775,9.5105,1.0
-0.970375,-0.865125,9.51825,1.0
-0.9715,-0.8625,9.526,1.0
-0.972625,-0.859875,9.53375,1.0
-0.97375,-0.85725,9.5415,1.0
-0.9748749999999999,-0.854625,9.54925,1.0
-0.976,-0.852,9.557,1.0
-0.976,-0.849,9.561250000000001,1.0
-0.976,-0.846,9.5655,1.0
-0.976,-0.843,9.569749999999999,1.0
-0.976,-0.84,9.574,1.0
-0.976,-0.837,9.57825,1.0
-0.976,-0.834,9.5825,1.0
-0.976,-0.831,9.586749999999999,1.0
-0.976,-0.828,9.591,1.0
-0.976,-0.82775,9.59075,1.0
-0.976,-0.8274999999999999,9.590499999999999,1.0
-0.976,-0.8272499999999999,9.59025,1.0
-0.976,-0.827,9.59,1.0
-0.976,-0.82675,9.58975,1.0
-0.976,-0.8265,9.589500000000001,1.0
-0.976,-0.8262499999999999,9.58925,1.0
-0.976,-0.826,9.589,1.0
-0.97425,-0.8196249999999999,9.5905,1.0
-0.9724999999999999,-0.81325,9.592,1.0
-0.97075,-0.806875,9.5935,1.0
-0.969,-0.8005,9.595,1.0
-0.9672499999999999,-0.794125,9.5965,1.0
-0.9655,-0.78775,9.598,1.0
-0.96375,-0.781375,9.5995,1.0
-0.962,-0.775,9.601,1.0
-0.959625,-0.772625,9.602125000000001,1.0
-0.9572499999999999,-0.77025,9.603250000000001,1.0
-0.9548749999999999,-0.767875,9.604375000000001,1.0
-0.9524999999999999,-0.7655000000000001,9.6055,1.0
-0.950125,-0.763125,9.606625,1.0
-0.94775,-0.76075,9.60775,1.0
-0.945375,-0.758375,9.608875,1.0
-0.943,-0.756,9.61,1.0
-0.9382499999999999,-0.753875,9.61275,1.0
-0.9335,-0.75175,9.615499999999999,1.0
-0.92875,-0.749625,9.61825,1.0
-0.9239999999999999,-0.7475,9.620999999999999,1.0
-0.91925,-0.745375,9.62375,1.0
-0.9145,-0.74325,9.6265,1.0
-0.9097500000000001,-0.741125,9.629249999999999,1.0
-0.905,-0.739,9.632,1.0
-0.901,-0.740875,9.635875,1.0
-0.897,-0.74275,9.63975,1.0
-0.893,-0.744625,9.643625,1.0
-0.889,-0.7464999999999999,9.6475,1.0
-0.885,-0.748375,9.651375,1.0
-0.881,-0.75025,9.65525,1.0
-0.877,-0.752125,9.659125,1.0
-0.873,-0.754,9.663,1.0
-0.86975,-0.753125,9.66325,1.0
-0.8665,-0.75225,9.663499999999999,1.0
-0.86325,-0.751375,9.66375,1.0
-0.86,-0.7505,9.664,1.0
-0.85675,-0.749625,9.66425,1.0
-0.8534999999999999,-0.74875,9.6645,1.0
-0.85025,-0.747875,9.66475,1.0
-0.847,-0.747,9.665,1.0
-0.844,-0.746625,9.66925,1.0
-0.841,-0.74625,9.673499999999999,1.0
-0.838,-0.745875,9.67775,1.0
-0.835,-0.7455,9.681999999999999,1.0
-0.832,-0.745125,9.68625,1.0
-0.829,-0.74475,9.6905,1.0
-0.826,-0.744375,9.694749999999999,1.0
-0.823,-0.744,9.699,1.0
-0.8236249999999999,-0.74675,9.704375,1.0
-0.8242499999999999,-0.7495,9.70975,1.0
-0.8248749999999999,-0.75225,9.715125,1.0
-0.8254999999999999,-0.755,9.720500000000001,1.0
-0.826125,-0.75775,9.725875,1.0
-0.82675,-0.7605,9.731250000000001,1.0
-0.827375,-0.76325,9.736625,1.0
-0.828,-0.766,9.742,1.0
-0.82675,-0.765,9.743500000000001,1.0
-0.8254999999999999,-0.764,9.745000000000001,1.0
-0.8242499999999999,-0.763,9.746500000000001,1.0
-0.823,-0.762,9.748000000000001,1.0
-0.82175,-0.761,9.7495,1.0
-0.8205,-0.76,9.751,1.0
-0.8192499999999999,-0.759,9.7525,1.0
-0.818,-0.758,9.754,1.0
-0.8192499999999999,-0.758,9.7555,1.0
-0.8205,-0.758,9.757,1.0
-0.82175,-0.758,9.7585,1.0
-0.823,-0.758,9.76,1.0
-0.8242499999999999,-0.758,9.7615,1.0
-0.8254999999999999,-0.758,9.763,1.0
-0.82675,-0.758,9.7645,1.0
-0.828,-0.758,9.766,1.0
-0.82675,-0.755625,9.765125,1.0
-0.8254999999999999,-0.75325,9.76425,1.0
-0.8242499999999999,-0.750875,9.763375,1.0
-0.823,-0.7484999999999999,9.7625,1.0
-0.82175,-0.746125,9.761625,1.0
-0.8205,-0.74375,9.76075,1.0
-0.8192499999999999,-0.741375,9.759875000000001,1.0
-0.818,-0.739,9.759,1.0
-0.821375,-0.737,9.758000000000001,1.0
-0.82475,-0.735,9.757,1.0
-0.828125,-0.733,9.756,1.0
-0.8314999999999999,-0.731,9.754999999999999,1.0
-0.8348749999999999,-0.729,9.754,1.0
-0.8382499999999999,-0.727,9.753,1.0
-0.841625,-0.725,9.751999999999999,1.0
-0.845,-0.723,9.751,1.0
-0.847,-0.722625,9.752875,1.0
-0.849,-0.72225,9.75475,1.0
-0.851,-0.7218749999999999,9.756625,1.0
-0.853,-0.7215,9.7585,1.0
-0.855,-0.721125,9.760375,1.0
-0.857,-0.72075,9.76225,1.0
-0.859,-0.720375,9.764125,1.0
-0.861,-0.72,9.766,1.0
-0.865,-0.7178749999999999,9.765625,1.0
-0.869,-0.71575,9.76525,1.0
-0.873,-0.713625,9.764875,1.0
-0.877,-0.7115,9.7645,1.0
-0.881,-0.709375,9.764125,1.0
-0.885,-0.7072499999999999,9.76375,1.0
-0.889,-0.705125,9.763375,1.0
-0.893,-0.703,9.763,1.0
-0.8905000000000001,-0.7,9.7655,1.0
-0.888,-0.697,9.768,1.0
-0.8855,-0.694,9.7705,1.0
-0.883,-0.6910000000000001,9.773,1.0
-0.8805000000000001,-0.6880000000000001,9.7755,1.0
-0.878,-0.685,9.777999999999999,1.0
-0.8755,-0.682,9.7805,1.0
-0.873,-0.679,9.783,1.0
-0.8725,-0.68,9.785375,1.0
-0.872,-0.681,9.787749999999999,1.0
-0.8714999999999999,-0.682,9.790125,1.0
-0.871,-0.683,9.7925,1.0
-0.8705,-0.684,9.794875,1.0
-0.87,-0.685,9.79725,1.0
-0.8694999999999999,-0.686,9.799624999999999,1.0
-0.869,-0.687,9.802,1.0
-0.871,-0.6885,9.803749999999999,1.0
-0.873,-0.6900000000000001,9.8055,1.0
-0.875,-0.6915,9.80725,1.0
-0.877,-0.6930000000000001,9.809000000000001,1.0
-0.879,-0.6945,9.81075,1.0
-0.881,-0.696,9.8125,1.0
-0.883,-0.6975,9.814250000000001,1.0
-0.885,-0.699,9.816,1.0
-0.885625,-0.6926249999999999,9.816875000000001,1.0
-0.88625,-0.68625,9.81775,1.0
-0.886875,-0.679875,9.818625,1.0
-0.8875,-0.6735,9.819500000000001,1.0
-0.888125,-0.667125,9.820375,1.0
-0.88875,-0.66075,9.821250000000001,1.0
-0.889375,-0.654375,9.822125,1.0
-0.89,-0.648,9.823,1.0
-0.88825,-0.6475,9.825125,1.0
-0.8865000000000001,-0.647,9.82725,1.0
-0.88475,-0.6465000000000001,9.829375,1.0
-0.883,-0.646,9.8315,1.0
-0.88125,-0.6455,9.833625,1.0
-0.8795,-0.645,9.83575,1.0
-0.87775,-0.6445000000000001,9.837875,1.0
-0.876,-0.644,9.84,1.0
-0.87625,-0.6415,9.840625,1.0
-0.8765000000000001,-0.639,9.84125,1.0
-0.87675,-0.6365000000000001,9.841875,1.0
-0.877,-0.634,9.842500000000001,1.0
-0.87725,-0.6315,9.843125,1.0
-0.8775,-0.629,9.84375,1.0
-0.87775,-0.6265000000000001,9.844375000000001,1.0
-0.878,-0.624,9.845,1.0
-0.875,-0.62675,9.848875,1.0
-0.872,-0.6295,9.85275,1.0
-0.869,-0.63225,9.856625000000001,1.0
-0.866,-0.635,9.8605,1.0
-0.863,-0.63775,9.864374999999999,1.0
-0.86,-0.6405000000000001,9.86825,1.0
-0.857,-0.64325,9.872125,1.0
-0.854,-0.646,9.876,1.0
-0.854375,-0.646625,9.877125,1.0
-0.85475,-0.64725,9.87825,1.0
-0.855125,-0.647875,9.879375,1.0
-0.8554999999999999,-0.6485000000000001,9.8805,1.0
-0.8558749999999999,-0.6491250000000001,9.881625,1.0
-0.85625,-0.64975,9.88275,1.0
-0.856625,-0.650375,9.883875,1.0
-0.857,-0.651,9.885,1.0
-0.859375,-0.654875,9.885625,1.0
-0.86175,-0.6587500000000001,9.88625,1.0
-0.864125,-0.662625,9.886875,1.0
-0.8665,-0.6665000000000001,9.8875,1.0
-0.868875,-0.670375,9.888125,1.0
-0.87125,-0.67425,9.88875,1.0
-0.873625,-0.6781250000000001,9.889375000000001,1.0
-0.876,-0.682,9.89,1.0
-0.879,-0.6841250000000001,9.890375,1.0
-0.882,-0.68625,9.89075,1.0
-0.885,-0.688375,9.891125,1.0
-0.888,-0.6905,9.8915,1.0
-0.891,-0.692625,9.891875,1.0
-0.894,-0.69475,9.89225,1.0
-0.897,-0.6968749999999999,9.892625,1.0
-0.9,-0.699,9.893,1.0
-0.9021250000000001,-0.6998749999999999,9.893875000000001,1.0
-0.90425,-0.70075,9.89475,1.0
-0.906375,-0.7016249999999999,9.895625,1.0
-0.9085000000000001,-0.7024999999999999,9.8965,1.0
-0.910625,-0.703375,9.897375,1.0
-0.9127500000000001,-0.7042499999999999,9.89825,1.0
-0.914875,-0.705125,9.899125,1.0
-0.917,-0.706,9.9,1.0
-0.917875,-0.706625,9.901125,1.0
-0.9187500000000001,-0.7072499999999999,9.90225,1.0
-0.919625,-0.7078749999999999,9.903375,1.0
-0.9205000000000001,-0.7084999999999999,9.9045,1.0
-0.921375,-0.709125,9.905625,1.0
-0.92225,-0.70975,9.90675,1.0
-0.9231250000000001,-0.710375,9.907875,1.0
-0.924,-0.711,9.909,1.0
-0.9285,-0.709125,9.908125,1.0
-0.933,-0.7072499999999999,9.907250000000001,1.0
-0.9375,-0.705375,9.906375,1.0
-0.942,-0.7035,9.9055,1.0
-0.9465,-0.7016249999999999,9.904625,1.0
-0.951,-0.69975,9.903749999999999,1.0
-0.9555,-0.6978749999999999,9.902875,1.0
-0.96,-0.696,9.902,1.0
-0.9604999999999999,-0.696375,9.90025,1.0
-0.961,-0.69675,9.898499999999999,1.0
-0.9615,-0.697125,9.896749999999999,1.0
-0.962,-0.6975,9.895,1.0
-0.9624999999999999,-0.6978749999999999,9.89325,1.0
-0.963,-0.6982499999999999,9.8915,1.0
-0.9635,-0.6986249999999999,9.88975,1.0
-0.964,-0.699,9.888,1.0
-0.963125,-0.70075,9.884375,1.0
-0.9622499999999999,-0.7024999999999999,9.880749999999999,1.0
-0.961375,-0.7042499999999999,9.877125,1.0
-0.9604999999999999,-0.706,9.8735,1.0
-0.959625,-0.70775,9.869875,1.0
-0.95875,-0.7095,9.86625,1.0
-0.9578749999999999,-0.7112499999999999,9.862625,1.0
-0.957,-0.713,9.859,1.0
-0.957,-0.713,9.859,1.0
-0.957,-0.713,9.859,1.0
-0.957,-0.713,9.859,1.0
-0.957,-0.713,9.859,1.0
-0.957,-0.713,9.859,1.0
-0.957,-0.713,9.859,1.0
-0.957,-0.713,9.859,1.0
-0.957,-0.713,9.859,1.0
-0.9555,-0.71475,9.857875,1.0
-0.954,-0.7164999999999999,9.85675,1.0
-0.9524999999999999,-0.7182499999999999,9.855625,1.0
-0.951,-0.72,9.8545,1.0
-0.9495,-0.72175,9.853375,1.0
-0.948,-0.7235,9.85225,1.0
-0.9464999999999999,-0.72525,9.851125,1.0
-0.945,-0.727,9.85,1.0
-0.94175,-0.730375,9.844875,1.0
-0.9385,-0.73375,9.839749999999999,1.0
-0.93525,-0.737125,9.834624999999999,1.0
-0.9319999999999999,-0.7404999999999999,9.8295,1.0
-0.92875,-0.743875,9.824375,1.0
-0.9255,-0.74725,9.81925,1.0
-0.92225,-0.750625,9.814124999999999,1.0
-0.919,-0.754,9.809,1.0
-0.9117500000000001,-0.756,9.80425,1.0
-0.9045000000000001,-0.758,9.7995,1.0
-0.89725,-0.76,9.79475,1.0
-0.89,-0.762,9.79,1.0
-0.88275,-0.764,9.78525,1.0
-0.8755,-0.766,9.7805,1.0
-0.86825,-0.768,9.77575,1.0
-0.861,-0.77,9.771,1.0
-0.85925,-0.77425,9.766125,1.0
-0.8574999999999999,-0.7785,9.76125,1.0
-0.85575,-0.7827500000000001,9.756375,1.0
-0.854,-0.787,9.7515,1.0
-0.85225,-0.79125,9.746625,1.0
-0.8505,-0.7955000000000001,9.74175,1.0
-0.84875,-0.7997500000000001,9.736875,1.0
-0.847,-0.804,9.732,1.0
-0.8428749999999999,-0.810625,9.7275,1.0
-0.83875,-0.81725,9.722999999999999,1.0
-0.834625,-0.823875,9.718499999999999,1.0
-0.8305,-0.8305,9.713999999999999,1.0
-0.826375,-0.837125,9.7095,1.0
-0.8222499999999999,-0.84375,9.705,1.0
-0.818125,-0.850375,9.7005,1.0
-0.814,-0.857,9.696,1.0
-0.8076249999999999,-0.8605,9.687,1.0
-0.80125,-0.864,9.678,1.0
-0.794875,-0.8674999999999999,9.669,1.0
-0.7885,-0.871,9.66,1.0
-0.782125,-0.8745,9.651,1.0
-0.7757499999999999,-0.878,9.642,1.0
-0.769375,-0.8815,9.633000000000001,1.0
-0.763,-0.885,9.624,1.0
-0.763,-0.890375,9.622250000000001,1.0
-0.763,-0.89575,9.6205,1.0
-0.763,-0.9011250000000001,9.61875,1.0
-0.763,-0.9065000000000001,9.617,1.0
-0.763,-0.911875,9.61525,1.0
-0.763,-0.91725,9.6135,1.0
-0.763,-0.922625,9.611749999999999,1.0
-0.763,-0.928,9.61,1.0
-0.759125,-0.93225,9.599874999999999,1.0
-0.75525,-0.9365,9.589749999999999,1.0
-0.751375,-0.94075,9.579625,1.0
-0.7475,-0.9450000000000001,9.5695,1.0
-0.743625,-0.94925,9.559375,1.0
-0.73975,-0.9535,9.54925,1.0
-0.735875,-0.95775,9.539125,1.0
-0.732,-0.962,9.529,1.0
-0.7298749999999999,-0.9662499999999999,9.52,1.0
-0.72775,-0.9704999999999999,9.511,1.0
-0.725625,-0.97475,9.502,1.0
-0.7235,-0.979,9.493,1.0
-0.721375,-0.98325,9.484,1.0
-0.71925,-0.9875,9.475000000000001,1.0
-0.717125,-0.99175,9.466000000000001,1.0
-0.715,-0.996,9.457,1.0
-0.717125,-1.003375,9.450125,1.0
-0.71925,-1.01075,9.44325,1.0
-0.721375,-1.018125,9.436375,1.0
-0.7235,-1.0255,9.4295,1.0
-0.725625,-1.032875,9.422625,1.0
-0.72775,-1.04025,9.41575,1.0
-0.7298749999999999,-1.047625,9.408875,1.0
-0.732,-1.055,9.402,1.0
-0.7328749999999999,-1.05625,9.397749999999998,1.0
-0.73375,-1.0574999999999999,9.3935,1.0
-0.734625,-1.0587499999999999,9.38925,1.0
-0.7355,-1.06,9.385,1.0
-0.736375,-1.06125,9.380749999999999,1.0
-0.73725,-1.0625,9.3765,1.0
-0.738125,-1.06375,9.372250000000001,1.0
-0.739,-1.065,9.368,1.0
-0.743875,-1.068625,9.365625,1.0
-0.74875,-1.07225,9.36325,1.0
-0.753625,-1.075875,9.360875,1.0
-0.7585,-1.0795,9.3585,1.0
-0.763375,-1.0831250000000001,9.356125,1.0
-0.76825,-1.08675,9.35375,1.0
-0.7731250000000001,-1.090375,9.351375,1.0
-0.778,-1.094,9.349,1.0
-0.78125,-1.094,9.348375,1.0
-0.7845,-1.094,9.34775,1.0
-0.7877500000000001,-1.094,9.347125,1.0
-0.791,-1.094,9.346499999999999,1.0
-0.79425,-1.094,9.345875,1.0
-0.7975000000000001,-1.094,9.34525,1.0
-0.8007500000000001,-1.094,9.344624999999999,1.0
-0.804,-1.094,9.344,1.0
-0.807625,-1.09125,9.34075,1.0
-0.81125,-1.0885,9.337499999999999,1.0
-0.814875,-1.08575,9.334249999999999,1.0
-0.8185,-1.0830000000000002,9.331,1.0
-0.822125,-1.0802500000000002,9.32775,1.0
-0.82575,-1.0775000000000001,9.3245,1.0
-0.829375,-1.07475,9.32125,1.0
-0.833,-1.072,9.318,1.0
-0.843125,-1.072625,9.3195,1.0
-0.85325,-1.07325,9.321,1.0
-0.863375,-1.0738750000000001,9.3225,1.0
-0.8734999999999999,-1.0745,9.324,1.0
-0.883625,-1.0751249999999999,9.3255,1.0
-0.89375,-1.07575,9.327,1.0
-0.903875,-1.076375,9.3285,1.0
-0.914,-1.077,9.33,1.0
-0.9227500000000001,-1.07575,9.323375,1.0
-0.9315,-1.0745,9.316749999999999,1.0
-0.94025,-1.07325,9.310125,1.0
-0.9490000000000001,-1.072,9.3035,1.0
-0.95775,-1.0707499999999999,9.296875,1.0
-0.9665,-1.0695,9.29025,1.0
-0.97525,-1.06825,9.283624999999999,1.0
-0.984,-1.067,9.277,1.0
-0.9904999999999999,-1.0691249999999999,9.274999999999999,1.0
-0.997,-1.07125,9.273,1.0
-1.0035,-1.073375,9.270999999999999,1.0
-1.01,-1.0755,9.268999999999998,1.0
-1.0165,-1.077625,9.267,1.0
-1.0230000000000001,-1.07975,9.264999999999999,1.0
-1.0295,-1.0818750000000001,9.263,1.0
-1.036,-1.084,9.261,1.0
-1.04475,-1.084875,9.258875,1.0
-1.0535,-1.08575,9.25675,1.0
-1.0622500000000001,-1.086625,9.254624999999999,1.0
-1.0710000000000002,-1.0875,9.2525,1.0
-1.07975,-1.088375,9.250375,1.0
-1.0885,-1.08925,9.248249999999999,1.0
-1.09725,-1.090125,9.246125,1.0
-1.106,-1.091,9.244,1.0
-1.105375,-1.091875,9.255625,1.0
-1.1047500000000001,-1.09275,9.26725,1.0
-1.104125,-1.093625,9.278875,1.0
-1.1035,-1.0945,9.2905,1.0
-1.102875,-1.095375,9.302125,1.0
-1.10225,-1.09625,9.313749999999999,1.0
-1.101625,-1.0971250000000001,9.325375,1.0
-1.101,-1.098,9.337,1.0
-1.101875,-1.100125,9.336125,1.0
-1.10275,-1.1022500000000002,9.33525,1.0
-1.103625,-1.104375,9.334375,1.0
-1.1045,-1.1065,9.3335,1.0
-1.105375,-1.108625,9.332625,1.0
-1.1062500000000002,-1.11075,9.33175,1.0
-1.1071250000000001,-1.112875,9.330875,1.0
-1.108,-1.115,9.33,1.0
-1.1127500000000001,-1.111125,9.333625,1.0
-1.1175000000000002,-1.10725,9.337250000000001,1.0
-1.12225,-1.103375,9.340875,1.0
-1.127,-1.0995,9.3445,1.0
-1.13175,-1.095625,9.348125,1.0
-1.1364999999999998,-1.09175,9.35175,1.0
-1.1412499999999999,-1.0878750000000001,9.355375,1.0
-1.146,-1.084,9.359,1.0
-1.1601249999999999,-1.077375,9.364,1.0
-1.1742499999999998,-1.07075,9.369,1.0
-1.188375,-1.064125,9.373999999999999,1.0
-1.2025,-1.0575,9.379,1.0
-1.2166249999999998,-1.050875,9.384,1.0
-1.23075,-1.04425,9.389,1.0
-1.244875,-1.037625,9.393999999999998,1.0
-1.259,-1.031,9.399,1.0
-1.2646249999999999,-1.026875,9.399624999999999,1.0
-1.2702499999999999,-1.0227499999999998,9.40025,1.0
-1.2758749999999999,-1.018625,9.400875,1.0
-1.2814999999999999,-1.0145,9.401499999999999,1.0
-1.287125,-1.010375,9.402125,1.0
-1.29275,-1.00625,9.40275,1.0
-1.298375,-1.002125,9.403375,1.0
-1.304,-0.998,9.404,1.0
-1.31275,-0.98725,9.406125,1.0
-1.3215000000000001,-0.9765,9.408249999999999,1.0
-1.3302500000000002,-0.96575,9.410375,1.0
-1.339,-0.9550000000000001,9.4125,1.0
-1.34775,-0.94425,9.414625,1.0
-1.3565,-0.9335,9.41675,1.0
-1.36525,-0.9227500000000001,9.418875,1.0
-1.374,-0.912,9.421,1.0
-1.3802500000000002,-0.899375,9.422749999999999,1.0
-1.3865,-0.88675,9.4245,1.0
-1.39275,-0.874125,9.42625,1.0
-1.399,-0.8615,9.428,1.0
-1.40525,-0.848875,9.42975,1.0
-1.4115,-0.83625,9.4315,1.0
-1.4177499999999998,-0.823625,9.433250000000001,1.0
-1.424,-0.811,9.435,1.0
-1.4257499999999999,-0.8065,9.436250000000001,1.0
-1.4275,-0.802,9.4375,1.0
-1.42925,-0.7975000000000001,9.43875,1.0
-1.431,-0.793,9.440000000000001,1.0
-1.43275,-0.7885,9.44125,1.0
-1.4344999999999999,-0.784,9.4425,1.0
-1.43625,-0.7795000000000001,9.44375,1.0
-1.438,-0.775,9.445,1.0
-1.4413749999999999,-0.769375,9.452125,1.0
-1.44475,-0.76375,9.45925,1.0
-1.448125,-0.758125,9.466375000000001,1.0
-1.4515,-0.7525,9.473500000000001,1.0
-1.454875,-0.746875,9.480625,1.0
-1.45825,-0.74125,9.48775,1.0
-1.4616250000000002,-0.735625,9.494875,1.0
-1.465,-0.73,9.502,1.0
-1.464625,-0.726125,9.506875,1.0
-1.46425,-0.72225,9.511750000000001,1.0
-1.463875,-0.718375,9.516625000000001,1.0
-1.4635,-0.7144999999999999,9.5215,1.0
-1.463125,-0.710625,9.526375,1.0
-1.46275,-0.70675,9.53125,1.0
-1.462375,-0.7028749999999999,9.536125,1.0
-1.462,-0.699,9.541,1.0
-1.45875,-0.6995,9.552375,1.0
-1.4555,-0.7,9.56375,1.0
-1.45225,-0.7004999999999999,9.575125,1.0
-1.4489999999999998,-0.701,9.586500000000001,1.0
-1.4457499999999999,-0.7015,9.597875,1.0
-1.4425,-0.702,9.60925,1.0
-1.43925,-0.7024999999999999,9.620625,1.0
-1.436,-0.703,9.632,1.0
-1.436,-0.703,9.632,1.0
-1.436,-0.703,9.632,1.0
-1.436,-0.703,9.632,1.0
-1.436,-0.703,9.632,1.0
-1.436,-0.703,9.632,1.0
-1.436,-0.703,9.632,1.0
-1.436,-0.703,9.632,1.0
-1.436,-0.703,9.632,1.0
-1.4315,-0.703625,9.6385,1.0
-1.427,-0.7042499999999999,9.645,1.0
-1.4224999999999999,-0.7048749999999999,9.651499999999999,1.0
-1.418,-0.7055,9.658,1.0
-1.4135,-0.706125,9.6645,1.0
-1.4089999999999998,-0.70675,9.671,1.0
-1.4044999999999999,-0.707375,9.677499999999998,1.0
-1.4,-0.708,9.684,1.0
-1.399125,-0.708625,9.685875,1.0
-1.39825,-0.7092499999999999,9.68775,1.0
-1.397375,-0.7098749999999999,9.689625,1.0
-1.3965,-0.7104999999999999,9.6915,1.0
-1.395625,-0.711125,9.693375,1.0
-1.39475,-0.71175,9.69525,1.0
-1.393875,-0.712375,9.697125,1.0
-1.393,-0.713,9.699,1.0
-1.38675,-0.7168749999999999,9.70675,1.0
-1.3805,-0.72075,9.7145,1.0
-1.37425,-0.724625,9.722249999999999,1.0
-1.3679999999999999,-0.7284999999999999,9.73,1.0
-1.36175,-0.732375,9.73775,1.0
-1.3555,-0.73625,9.7455,1.0
-1.34925,-0.740125,9.75325,1.0
-1.343,-0.744,9.761,1.0
-1.3387499999999999,-0.74675,9.763124999999999,1.0
-1.3345,-0.7495,9.76525,1.0
-1.33025,-0.75225,9.767375,1.0
-1.326,-0.755,9.7695,1.0
-1.32175,-0.75775,9.771625,1.0
-1.3175,-0.7605,9.77375,1.0
-1.31325,-0.76325,9.775875000000001,1.0
-1.309,-0.766,9.778,1.0
-1.306375,-0.7665,9.77675,1.0
-1.30375,-0.767,9.775500000000001,1.0
-1.3011249999999999,-0.7675000000000001,9.77425,1.0
-1.2985,-0.768,9.773,1.0
-1.295875,-0.7685,9.77175,1.0
-1.29325,-0.769,9.7705,1.0
-1.290625,-0.7695000000000001,9.769250000000001,1.0
-1.288,-0.77,9.768,1.0
-1.2855,-0.7695000000000001,9.766875,1.0
-1.283,-0.769,9.76575,1.0
-1.2805,-0.7685,9.764625,1.0
-1.278,-0.768,9.7635,1.0
-1.2755,-0.7675000000000001,9.762375,1.0
-1.2730000000000001,-0.767,9.76125,1.0
-1.2705,-0.7665,9.760125,1.0
-1.268,-0.766,9.759,1.0
-1.26325,-0.7645,9.758625,1.0
-1.2585,-0.763,9.75825,1.0
-1.25375,-0.7615000000000001,9.757875,1.0
-1.249,-0.76,9.7575,1.0
-1.24425,-0.7585,9.757125,1.0
-1.2395,-0.757,9.75675,1.0
-1.23475,-0.7555000000000001,9.756375,1.0
-1.23,-0.754,9.756,1.0
-1.224,-0.753125,9.7545,1.0
-1.218,-0.75225,9.753,1.0
-1.212,-0.751375,9.7515,1.0
-1.206,-0.7505,9.75,1.0
-1.2,-0.749625,9.7485,1.0
-1.194,-0.74875,9.747,1.0
-1.188,-0.747875,9.7455,1.0
-1.182,-0.747,9.744,1.0
-1.17875,-0.746375,9.743125,1.0
-1.1755,-0.74575,9.74225,1.0
-1.17225,-0.745125,9.741375,1.0
-1.169,-0.7444999999999999,9.7405,1.0
-1.1657499999999998,-0.743875,9.739625,1.0
-1.1624999999999999,-0.74325,9.73875,1.0
-1.15925,-0.742625,9.737875,1.0
-1.156,-0.742,9.737,1.0
-1.152375,-0.740125,9.7355,1.0
-1.14875,-0.73825,9.734,1.0
-1.145125,-0.736375,9.7325,1.0
-1.1415,-0.7344999999999999,9.731,1.0
-1.137875,-0.732625,9.7295,1.0
-1.13425,-0.73075,9.728,1.0
-1.130625,-0.7288749999999999,9.7265,1.0
-1.127,-0.727,9.725,1.0
-1.1225,-0.7224999999999999,9.721375,1.0
-1.1179999999999999,-0.718,9.717749999999999,1.0
-1.1135,-0.7135,9.714125,1.0
-1.109,-0.709,9.7105,1.0
-1.1045,-0.7044999999999999,9.706875,1.0
-1.1,-0.7,9.70325,1.0
-1.0955,-0.6955,9.699625,1.0
-1.091,-0.691,9.696,1.0
-1.08925,-0.6924999999999999,9.6955,1.0
-1.0875,-0.694,9.695,1.0
-1.08575,-0.6955,9.6945,1.0
-1.084,-0.697,9.693999999999999,1.0
-1.08225,-0.6984999999999999,9.6935,1.0
-1.0805,-0.7,9.693,1.0
-1.0787499999999999,-0.7015,9.6925,1.0
-1.077,-0.703,9.692,1.0
-1.0725,-0.7015,9.686875,1.0
-1.068,-0.7,9.681750000000001,1.0
-1.0635,-0.6984999999999999,9.676625,1.0
-1.059,-0.697,9.6715,1.0
-1.0545,-0.6955,9.666375,1.0
-1.0499999999999998,-0.694,9.661249999999999,1.0
-1.0454999999999999,-0.6924999999999999,9.656125,1.0
-1.041,-0.691,9.651,1.0
-1.040375,-0.692,9.647375,1.0
-1.03975,-0.693,9.64375,1.0
-1.0391249999999999,-0.694,9.640125,1.0
-1.0385,-0.695,9.6365,1.0
-1.037875,-0.696,9.632875,1.0
-1.03725,-0.697,9.629249999999999,1.0
-1.036625,-0.698,9.625625,1.0
-1.036,-0.699,9.622,1.0
-1.035125,-0.6995,9.619,1.0
-1.0342500000000001,-0.7,9.616,1.0
-1.033375,-0.7004999999999999,9.613,1.0
-1.0325,-0.701,9.61,1.0
-1.031625,-0.7015,9.607000000000001,1.0
-1.0307499999999998,-0.702,9.604000000000001,1.0
-1.0298749999999999,-0.7024999999999999,9.601,1.0
-1.029,-0.703,9.598,1.0
-1.02725,-0.7042499999999999,9.592,1.0
-1.0254999999999999,-0.7055,9.586,1.0
-1.02375,-0.70675,9.58,1.0
-1.0219999999999998,-0.708,9.574000000000002,1.0
-1.0202499999999999,-0.7092499999999999,9.568000000000001,1.0
-1.0185,-0.7104999999999999,9.562000000000001,1.0
-1.0167499999999998,-0.71175,9.556000000000001,1.0
-1.015,-0.713,9.55,1.0
-1.0111249999999998,-0.713,9.545250000000001,1.0
-1.00725,-0.713,9.540500000000002,1.0
-1.003375,-0.713,9.53575,1.0
-0.9994999999999999,-0.713,9.531,1.0
-0.995625,-0.713,9.526250000000001,1.0
-0.9917499999999999,-0.713,9.5215,1.0
-0.987875,-0.713,9.51675,1.0
-0.984,-0.713,9.512,1.0
-0.983,-0.716,9.509625,1.0
-0.982,-0.719,9.50725,1.0
-0.981,-0.722,9.504875,1.0
-0.98,-0.725,9.502500000000001,1.0
-0.979,-0.728,9.500125,1.0
-0.978,-0.731,9.49775,1.0
-0.977,-0.734,9.495375000000001,1.0
-0.976,-0.737,9.493,1.0
-0.9744999999999999,-0.74,9.483375,1.0
-0.973,-0.743,9.47375,1.0
-0.9715,-0.746,9.464125000000001,1.0
-0.97,-0.749,9.4545,1.0
-0.9684999999999999,-0.752,9.444875,1.0
-0.967,-0.755,9.43525,1.0
-0.9655,-0.758,9.425625,1.0
-0.964,-0.761,9.416,1.0
-0.964625,-0.765125,9.410875,1.0
-0.9652499999999999,-0.76925,9.405750000000001,1.0
-0.9658749999999999,-0.773375,9.400625,1.0
-0.9664999999999999,-0.7775000000000001,9.3955,1.0
-0.967125,-0.781625,9.390375,1.0
-0.96775,-0.7857500000000001,9.38525,1.0
-0.968375,-0.789875,9.380125,1.0
-0.969,-0.794,9.375,1.0
-0.969375,-0.794625,9.368125,1.0
-0.96975,-0.79525,9.36125,1.0
-0.970125,-0.795875,9.354375000000001,1.0
-0.9704999999999999,-0.7965,9.3475,1.0
-0.9708749999999999,-0.7971250000000001,9.340625,1.0
-0.97125,-0.7977500000000001,9.33375,1.0
-0.971625,-0.7983750000000001,9.326875000000001,1.0
-0.972,-0.799,9.32,1.0
-0.97375,-0.8047500000000001,9.309875,1.0
-0.9755,-0.8105,9.29975,1.0
-0.97725,-0.81625,9.289625000000001,1.0
-0.979,-0.8220000000000001,9.2795,1.0
-0.98075,-0.82775,9.269375,1.0
-0.9824999999999999,-0.8335,9.259250000000002,1.0
-0.98425,-0.8392499999999999,9.249125000000001,1.0
-0.986,-0.845,9.239,1.0
-0.989,-0.8458749999999999,9.232125,1.0
-0.992,-0.84675,9.22525,1.0
-0.995,-0.847625,9.218375,1.0
-0.998,-0.8485,9.211500000000001,1.0
-1.001,-0.849375,9.204625,1.0
-1.004,-0.85025,9.19775,1.0
-1.0070000000000001,-0.851125,9.190875,1.0
-1.01,-0.852,9.184,1.0
-1.010625,-0.855,9.17625,1.0
-1.01125,-0.858,9.1685,1.0
-1.0118749999999999,-0.861,9.16075,1.0
-1.0125,-0.864,9.152999999999999,1.0
-1.013125,-0.867,9.145249999999999,1.0
-1.01375,-0.87,9.1375,1.0
-1.0143749999999998,-0.873,9.12975,1.0
-1.015,-0.876,9.122,1.0
-1.0158749999999999,-0.8775,9.113,1.0
-1.01675,-0.879,9.104,1.0
-1.017625,-0.8805000000000001,9.095,1.0
-1.0185,-0.882,9.086,1.0
-1.019375,-0.8835,9.077,1.0
-1.0202499999999999,-0.885,9.068000000000001,1.0
-1.021125,-0.8865000000000001,9.059000000000001,1.0
-1.022,-0.888,9.05,1.0
-1.024125,-0.8895,9.03625,1.0
-1.02625,-0.891,9.0225,1.0
-1.028375,-0.8925000000000001,9.008750000000001,1.0
-1.0305,-0.894,8.995000000000001,1.0
-1.032625,-0.8955,8.98125,1.0
-1.0347499999999998,-0.897,8.9675,1.0
-1.036875,-0.8985000000000001,8.95375,1.0
-1.039,-0.9,8.94,1.0
-1.0405,-0.900625,8.934,1.0
-1.0419999999999998,-0.90125,8.927999999999999,1.0
-1.0434999999999999,-0.901875,8.921999999999999,1.0
-1.045,-0.9025000000000001,8.916,1.0
-1.0465,-0.9031250000000001,8.91,1.0
-1.048,-0.90375,8.904,1.0
-1.0494999999999999,-0.904375,8.898,1.0
-1.051,-0.905,8.892,1.0
-1.05125,-0.907,8.882375,1.0
-1.0514999999999999,-0.909,8.87275,1.0
-1.05175,-0.911,8.863125,1.0
-1.052,-0.913,8.8535,1.0
-1.05225,-0.915,8.843874999999999,1.0
-1.0525,-0.917,8.834249999999999,1.0
-1.0527499999999999,-0.919,8.824625,1.0
-1.053,-0.921,8.815,1.0
-1.0545,-0.919875,8.8025,1.0
-1.056,-0.9187500000000001,8.79,1.0
-1.0574999999999999,-0.917625,8.7775,1.0
-1.059,-0.9165000000000001,8.765,1.0
-1.0605,-0.915375,8.7525,1.0
-1.0619999999999998,-0.91425,8.74,1.0
-1.0635,-0.9131250000000001,8.7275,1.0
-1.065,-0.912,8.715,1.0
-1.06825,-0.912,8.709,1.0
-1.0715,-0.912,8.703,1.0
-1.0747499999999999,-0.912,8.697,1.0
-1.0779999999999998,-0.912,8.690999999999999,1.0
-1.08125,-0.912,8.685,1.0
-1.0845,-0.912,8.679,1.0
-1.08775,-0.912,8.673,1.0
-1.091,-0.912,8.667,1.0
-1.089,-0.912,8.66425,1.0
-1.087,-0.912,8.6615,1.0
-1.085,-0.912,8.65875,1.0
-1.083,-0.912,8.655999999999999,1.0
-1.081,-0.912,8.65325,1.0
-1.079,-0.912,8.6505,1.0
-1.077,-0.912,8.64775,1.0
-1.075,-0.912,8.645,1.0
-1.077,-0.9131250000000001,8.635125,1.0
-1.079,-0.91425,8.62525,1.0
-1.081,-0.915375,8.615375,1.0
-1.083,-0.9165000000000001,8.6055,1.0
-1.085,-0.917625,8.595625,1.0
-1.087,-0.9187500000000001,8.58575,1.0
-1.089,-0.919875,8.575875,1.0
-1.091,-0.921,8.566,1.0
-1.086875,-0.921375,8.557625000000002,1.0
-1.0827499999999999,-0.9217500000000001,8.54925,1.0
-1.078625,-0.9221250000000001,8.540875,1.0
-1.0745,-0.9225000000000001,8.5325,1.0
-1.070375,-0.922875,8.524125000000002,1.0
-1.0662500000000001,-0.92325,8.51575,1.0
-1.062125,-0.923625,8.507375,1.0
-1.058,-0.924,8.499,1.0
-1.059125,-0.9251250000000001,8.4925,1.0
-1.06025,-0.92625,8.486,1.0
-1.061375,-0.9273750000000001,8.4795,1.0
-1.0625,-0.9285000000000001,8.472999999999999,1.0
-1.063625,-0.929625,8.4665,1.0
-1.06475,-0.9307500000000001,8.459999999999999,1.0
-1.065875,-0.931875,8.4535,1.0
-1.067,-0.933,8.447,1.0
-1.068875,-0.9315,8.439499999999999,1.0
-1.0707499999999999,-0.93,8.431999999999999,1.0
-1.072625,-0.9285000000000001,8.4245,1.0
-1.0745,-0.927,8.417,1.0
-1.076375,-0.9255,8.4095,1.0
-1.0782500000000002,-0.924,8.402000000000001,1.0
-1.080125,-0.9225000000000001,8.3945,1.0
-1.082,-0.921,8.387,1.0
-1.079625,-0.921,8.381,1.0
-1.07725,-0.921,8.375,1.0
-1.074875,-0.921,8.369,1.0
-1.0725,-0.921,8.363,1.0
-1.070125,-0.921,8.357000000000001,1.0
-1.06775,-0.921,8.351,1.0
-1.065375,-0.921,8.345,1.0
-1.063,-0.921,8.339,1.0
-1.060875,-0.9207500000000001,8.334125,1.0
-1.0587499999999999,-0.9205000000000001,8.32925,1.0
-1.056625,-0.92025,8.324375,1.0
-1.0545,-0.92,8.319500000000001,1.0
-1.052375,-0.9197500000000001,8.314625000000001,1.0
-1.0502500000000001,-0.9195,8.309750000000001,1.0
-1.048125,-0.91925,8.304875000000001,1.0
-1.046,-0.919,8.3,1.0
-1.0430000000000001,-0.9205000000000001,8.292000000000002,1.0
-1.04,-0.922,8.284,1.0
-1.037,-0.9235,8.276,1.0
-1.034,-0.925,8.268,1.0
-1.0310000000000001,-0.9265000000000001,8.260000000000002,1.0
-1.028,-0.928,8.252,1.0
-1.025,-0.9295,8.244,1.0
-1.022,-0.931,8.236,1.0
-1.018375,-0.93125,8.230875000000001,1.0
-1.01475,-0.9315,8.225750000000001,1.0
-1.011125,-0.9317500000000001,8.220625,1.0
-1.0075,-0.932,8.2155,1.0
-1.003875,-0.93225,8.210375,1.0
-1.00025,-0.9325000000000001,8.20525,1.0
-0.996625,-0.9327500000000001,8.200125,1.0
-0.993,-0.933,8.195,1.0
-0.990875,-0.933875,8.193875,1.0
-0.98875,-0.93475,8.19275,1.0
-0.986625,-0.935625,8.191625,1.0
-0.9844999999999999,-0.9365,8.1905,1.0
-0.982375,-0.937375,8.189375,1.0
-0.98025,-0.93825,8.18825,1.0
-0.978125,-0.939125,8.187125,1.0
-0.976,-0.94,8.186,1.0
-0.96975,-0.9382499999999999,8.183,1.0
-0.9635,-0.9365,8.18,1.0
-0.95725,-0.93475,8.177,1.0
-0.9510000000000001,-0.933,8.174,1.0
-0.94475,-0.93125,8.171000000000001,1.0
-0.9385,-0.9295,8.168000000000001,1.0
-0.93225,-0.9277500000000001,8.165000000000001,1.0
-0.926,-0.926,8.162,1.0
-0.9161250000000001,-0.9257500000000001,8.158375000000001,1.0
-0.90625,-0.9255,8.15475,1.0
-0.896375,-0.92525,8.151125,1.0
-0.8865000000000001,-0.925,8.1475,1.0
-0.876625,-0.9247500000000001,8.143875,1.0
-0.86675,-0.9245000000000001,8.14025,1.0
-0.8568749999999999,-0.92425,8.136624999999999,1.0
-0.847,-0.924,8.133,1.0
-0.840125,-0.9225000000000001,8.134125,1.0
-0.83325,-0.921,8.13525,1.0
-0.826375,-0.9195,8.136375,1.0
-0.8195,-0.918,8.1375,1.0
-0.812625,-0.9165000000000001,8.138625,1.0
-0.80575,-0.915,8.13975,1.0
-0.798875,-0.9135,8.140875,1.0
-0.792,-0.912,8.142,1.0
-0.77975,-0.912625,8.139,1.0
-0.7675000000000001,-0.91325,8.136,1.0
-0.75525,-0.913875,8.133,1.0
-0.743,-0.9145000000000001,8.129999999999999,1.0
-0.73075,-0.9151250000000001,8.127,1.0
-0.7184999999999999,-0.9157500000000001,8.124,1.0
-0.7062499999999999,-0.916375,8.121,1.0
-0.694,-0.917,8.118,1.0
-0.6835,-0.9181250000000001,8.116625,1.0
-0.6729999999999999,-0.91925,8.11525,1.0
-0.6625,-0.920375,8.113875,1.0
-0.6519999999999999,-0.9215,8.1125,1.0
-0.6415,-0.922625,8.111125,1.0
-0.631,-0.9237500000000001,8.10975,1.0
-0.6204999999999999,-0.924875,8.108374999999999,1.0
-0.61,-0.926,8.107,1.0
-0.60525,-0.926875,8.105749999999999,1.0
-0.6005,-0.9277500000000001,8.1045,1.0
-0.59575,-0.928625,8.10325,1.0
-0.591,-0.9295,8.102,1.0
-0.5862499999999999,-0.9303750000000001,8.10075,1.0
-0.5814999999999999,-0.93125,8.099499999999999,1.0
-0.57675,-0.9321250000000001,8.09825,1.0
-0.572,-0.933,8.097,1.0
-0.5602499999999999,-0.9297500000000001,8.094624999999999,1.0
-0.5485,-0.9265000000000001,8.09225,1.0
-0.53675,-0.92325,8.089875,1.0
-0.5249999999999999,-0.92,8.087499999999999,1.0
-0.51325,-0.9167500000000001,8.085125,1.0
-0.5015,-0.9135,8.082749999999999,1.0
-0.48974999999999996,-0.91025,8.080375,1.0
-0.478,-0.907,8.078,1.0
-0.469375,-0.9067500000000001,8.074625,1.0
-0.46075,-0.9065000000000001,8.07125,1.0
-0.452125,-0.90625,8.067874999999999,1.0
-0.4435,-0.906,8.064499999999999,1.0
-0.43487499999999996,-0.90575,8.061125,1.0
-0.42624999999999996,-0.9055,8.05775,1.0
-0.41762499999999997,-0.90525,8.054375,1.0
-0.409,-0.905,8.051,1.0
-0.400875,-0.9065000000000001,8.050125,1.0
-0.39275,-0.908,8.04925,1.0
-0.384625,-0.9095,8.048375,1.0
-0.37649999999999995,-0.911,8.0475,1.0
-0.36837499999999995,-0.9125000000000001,8.046625,1.0
-0.36024999999999996,-0.914,8.04575,1.0
-0.35212499999999997,-0.9155,8.044875000000001,1.0
-0.344,-0.917,8.044,1.0
-0.33499999999999996,-0.9187500000000001,8.037125,1.0
-0.32599999999999996,-0.9205000000000001,8.03025,1.0
-0.317,-0.92225,8.023375,1.0
-0.308,-0.924,8.0165,1.0
-0.299,-0.9257500000000001,8.009625,1.0
-0.29000000000000004,-0.9275,8.00275,1.0
-0.281,-0.92925,7.995875,1.0
-0.272,-0.931,7.989,1.0
-0.25775000000000003,-0.9361250000000001,7.98125,1.0
-0.24350000000000002,-0.94125,7.9735,1.0
-0.22925,-0.946375,7.96575,1.0
-0.21500000000000002,-0.9515,7.958,1.0
-0.20075,-0.9566250000000001,7.95025,1.0
-0.1865,-0.96175,7.9425,1.0
-0.17225000000000001,-0.9668749999999999,7.934749999999999,1.0
-0.158,-0.972,7.927,1.0
-0.151625,-0.9758749999999999,7.921875,1.0
-0.14525,-0.9797499999999999,7.9167499999999995,1.0
-0.138875,-0.983625,7.911625,1.0
-0.1325,-0.9874999999999999,7.906499999999999,1.0
-0.126125,-0.9913749999999999,7.901375,1.0
-0.11975,-0.99525,7.89625,1.0
-0.113375,-0.9991249999999999,7.891125,1.0
-0.107,-1.003,7.886,1.0
-0.09125,-1.009,7.879125,1.0
-0.0755,-1.015,7.87225,1.0
-0.05975,-1.021,7.865375,1.0
-0.044,-1.027,7.8585,1.0
-0.028249999999999997,-1.033,7.851625,1.0
-0.012499999999999997,-1.039,7.84475,1.0
0.003250000000000003,-1.045,7.837875,1.0
0.019,-1.051,7.831,1.0
0.027374999999999997,-1.0551249999999999,7.825875,1.0
0.03575,-1.05925,7.82075,1.0
0.044125,-1.063375,7.815625000000001,1.0
0.05249999999999999,-1.0675,7.8105,1.0
0.060875,-1.071625,7.805375,1.0
0.06924999999999999,-1.07575,7.80025,1.0
0.07762499999999999,-1.0798750000000001,7.7951250000000005,1.0
0.086,-1.084,7.79,1.0
0.09762499999999999,-1.089375,7.786125,1.0
0.10924999999999999,-1.0947500000000001,7.78225,1.0
0.120875,-1.100125,7.7783750000000005,1.0
0.1325,-1.1055000000000001,7.7745,1.0
0.144125,-1.110875,7.770625,1.0
0.15575,-1.11625,7.76675,1.0
0.167375,-1.121625,7.762875,1.0
0.179,-1.127,7.759,1.0
0.18437499999999998,-1.128875,7.753,1.0
0.18975,-1.13075,7.747,1.0
0.195125,-1.132625,7.7410000000000005,1.0
0.2005,-1.1345,7.735,1.0
0.205875,-1.136375,7.729,1.0
0.21125,-1.13825,7.723000000000001,1.0
0.216625,-1.1401249999999998,7.7170000000000005,1.0
0.222,-1.142,7.711,1.0
0.228625,-1.146375,7.7,1.0
0.23525000000000001,-1.15075,7.689,1.0
0.241875,-1.155125,7.678,1.0
0.2485,-1.1595,7.667,1.0
0.25512500000000005,-1.163875,7.656000000000001,1.0
0.26175000000000004,-1.16825,7.6450000000000005,1.0
0.26837500000000003,-1.172625,7.634,1.0
0.275,-1.177,7.623,1.0
0.284875,-1.1812500000000001,7.611625,1.0
0.29475,-1.1855,7.60025,1.0
0.30462500000000003,-1.18975,7.588875,1.0
0.3145,-1.194,7.577500000000001,1.0
0.32437499999999997,-1.19825,7.566125,1.0
0.33425,-1.2025000000000001,7.55475,1.0
0.344125,-1.20675,7.543375,1.0
0.354,-1.211,7.532,1.0
0.36624999999999996,-1.221125,7.508625,1.0
0.3785,-1.2312500000000002,7.48525,1.0
0.39075,-1.2413750000000001,7.461875,1.0
0.403,-1.2515,7.4384999999999994,1.0
0.41525,-1.261625,7.415125,1.0
0.4275,-1.27175,7.39175,1.0
0.43975,-1.281875,7.3683749999999995,1.0
0.452,-1.292,7.345,1.0
0.452,-1.292,7.345,1.0
0.452,-1.292,7.345,1.0
0.452,-1.292,7.345,1.0
0.452,-1.292,7.345,1.0
0.452,-1.292,7.345,1.0
0.452,-1.292,7.345,1.0
0.452,-1.292,7.345,1.0
0.452,-1.292,7.345,1.0
0.45737500000000003,-1.30075,7.3237499999999995,1.0
0.46275,-1.3095,7.3025,1.0
0.468125,-1.3182500000000001,7.28125,1.0
0.47350000000000003,-1.327,7.26,1.0
0.478875,-1.33575,7.23875,1.0
0.48425,-1.3445,7.217499999999999,1.0
0.489625,-1.35325,7.19625,1.0
0.495,-1.362,7.175,1.0
0.49675,-1.364125,7.164,1.0
0.4985,-1.36625,7.153,1.0
0.50025,-1.3683750000000001,7.1419999999999995,1.0
0.502,-1.3705,7.131,1.0
0.50375,-1.372625,7.12,1.0
0.5055000000000001,-1.3747500000000001,7.109,1.0
0.50725,-1.376875,7.098,1.0
0.509,-1.379,7.087,1.0
0.512375,-1.386375,7.069875,1.0
0.51575,-1.39375,7.05275,1.0
0.5191250000000001,-1.401125,7.035625,1.0
0.5225,-1.4085,7.0184999999999995,1.0
0.525875,-1.415875,7.001375,1.0
0.52925,-1.42325,6.98425,1.0
0.532625,-1.430625,6.967125,1.0
0.536,-1.438,6.95,1.0
0.544,-1.450375,6.934125,1.0
0.552,-1.46275,6.9182500000000005,1.0
0.56,-1.475125,6.902375,1.0
0.5680000000000001,-1.4874999999999998,6.8865,1.0
0.576,-1.4998749999999998,6.870625,1.0
0.584,-1.5122499999999999,6.85475,1.0
0.592,-1.524625,6.838875000000001,1.0
0.6,-1.537,6.823,1.0
0.603,-1.542625,6.816125,1.0
0.606,-1.54825,6.8092500000000005,1.0
0.609,-1.553875,6.8023750000000005,1.0
0.612,-1.5594999999999999,6.7955000000000005,1.0
0.615,-1.565125,6.788625,1.0
0.618,-1.57075,6.78175,1.0
0.621,-1.576375,6.774875,1.0
0.624,-1.582,6.768,1.0
0.6295,-1.5925,6.7515,1.0
0.635,-1.603,6.734999999999999,1.0
0.6405000000000001,-1.6135,6.7185,1.0
0.646,-1.624,6.702,1.0
0.6515,-1.6345,6.6855,1.0
0.657,-1.645,6.6690000000000005,1.0
0.6625000000000001,-1.6555,6.6525,1.0
0.668,-1.666,6.636,1.0
0.67425,-1.67825,6.618125,1.0
0.6805,-1.6905,6.60025,1.0
0.68675,-1.70275,6.582375,1.0
0.6930000000000001,-1.7149999999999999,6.564500000000001,1.0
0.69925,-1.72725,6.546625000000001,1.0
0.7055,-1.7395,6.5287500000000005,1.0
0.71175,-1.75175,6.510875,1.0
0.718,-1.764,6.493,1.0
0.720125,-1.77325,6.4818750000000005,1.0
0.72225,-1.7825,6.470750000000001,1.0
0.724375,-1.79175,6.459625,1.0
0.7264999999999999,-1.8010000000000002,6.4485,1.0
0.728625,-1.8102500000000001,6.437375,1.0
0.73075,-1.8195000000000001,6.42625,1.0
0.7328749999999999,-1.82875,6.415125,1.0
0.735,-1.838,6.404,1.0
0.74,-1.850875,6.38275,1.0
0.745,-1.86375,6.3614999999999995,1.0
0.75,-1.876625,6.34025,1.0
0.755,-1.8895,6.319,1.0
0.76,-1.9023750000000001,6.29775,1.0
0.765,-1.9152500000000001,6.2765,1.0
0.77,-1.928125,6.25525,1.0
0.775,-1.941,6.234,1.0
0.7795000000000001,-1.9515,6.2155000000000005,1.0
0.784,-1.962,6.197,1.0
0.7885,-1.9725,6.1785,1.0
0.793,-1.983,6.16,1.0
0.7975000000000001,-1.9935,6.141500000000001,1.0
0.802,-2.004,6.123,1.0
0.8065,-2.0145,6.1045,1.0
0.811,-2.025,6.086,1.0
0.8071250000000001,-2.030125,6.08175,1.0
0.80325,-2.03525,6.077500000000001,1.0
0.7993750000000001,-2.040375,6.07325,1.0
0.7955000000000001,-2.0454999999999997,6.069,1.0
0.791625,-2.0506249999999997,6.06475,1.0
0.7877500000000001,-2.0557499999999997,6.060499999999999,1.0
0.783875,-2.060875,6.0562499999999995,1.0
0.78,-2.066,6.052,1.0
0.767375,-2.074,6.044874999999999,1.0
0.75475,-2.082,6.03775,1.0
0.742125,-2.09,6.030625,1.0
0.7295,-2.098,6.0235,1.0
0.716875,-2.106,6.016375,1.0
0.70425,-2.114,6.00925,1.0
0.691625,-2.122,6.002125,1.0
0.679,-2.13,5.995,1.0
0.6641250000000001,-2.1396249999999997,5.992625,1.0
0.6492500000000001,-2.14925,5.99025,1.0
0.634375,-2.158875,5.987875,1.0
0.6195,-2.1685,5.9855,1.0
0.6046250000000001,-2.1781249999999996,5.983125,1.0
0.58975,-2.18775,5.9807500000000005,1.0
0.574875,-2.197375,5.978375,1.0
0.56,-2.207,5.976,1.0
0.551,-2.2108749999999997,5.978625,1.0
0.542,-2.21475,5.98125,1.0
0.533,-2.218625,5.983875,1.0
0.524,-2.2225,5.9864999999999995,1.0
0.515,-2.226375,5.989125,1.0
0.506,-2.23025,5.99175,1.0
0.497,-2.234125,5.994375,1.0
0.488,-2.238,5.997,1.0
0.464625,-2.24125,6.0135,1.0
0.44125,-2.2445,6.029999999999999,1.0
0.417875,-2.24775,6.0465,1.0
0.39449999999999996,-2.251,6.063,1.0
0.371125,-2.25425,6.0794999999999995,1.0
0.34775,-2.2575,6.096,1.0
0.32437499999999997,-2.26075,6.1125,1.0
0.301,-2.264,6.129,1.0
0.275875,-2.264,6.148375,1.0
0.25075,-2.264,6.16775,1.0
0.225625,-2.264,6.187125,1.0
0.2005,-2.264,6.2065,1.0
0.175375,-2.264,6.225874999999999,1.0
0.15025,-2.264,6.2452499999999995,1.0
0.12512500000000001,-2.264,6.264625,1.0
0.1,-2.264,6.284,1.0
0.08837500000000001,-2.2634999999999996,6.296625,1.0
0.07675000000000001,-2.263,6.30925,1.0
0.065125,-2.2624999999999997,6.3218749999999995,1.0
0.053500000000000006,-2.2619999999999996,6.3345,1.0
0.04187500000000001,-2.2615,6.347125,1.0
0.03025,-2.2609999999999997,6.35975,1.0
0.018625000000000003,-2.2605,6.372375,1.0
0.007,-2.26,6.385,1.0
-0.026125000000000002,-2.256375,6.413125,1.0
-0.059250000000000004,-2.25275,6.44125,1.0
-0.092375,-2.249125,6.469375,1.0
-0.1255,-2.2455,6.4975000000000005,1.0
-0.15862500000000002,-2.241875,6.525625,1.0
-0.19175,-2.23825,6.55375,1.0
-0.224875,-2.234625,6.581875,1.0
-0.258,-2.231,6.61,1.0
-0.2945,-2.22025,6.645625,1.0
-0.331,-2.2095,6.68125,1.0
-0.36750000000000005,-2.19875,6.716875,1.0
-0.404,-2.1879999999999997,6.7524999999999995,1.0
-0.4405,-2.17725,6.788125,1.0
-0.47700000000000004,-2.1665,6.8237499999999995,1.0
-0.5135000000000001,-2.15575,6.859375,1.0
-0.55,-2.145,6.895,1.0
-0.7865000000000001,-2.192875,8.051124999999999,1.0
-1.0230000000000001,-2.2407500000000002,9.207249999999998,1.0
-1.2595,-2.288625,10.363375,1.0
-1.496,-2.3365,11.519499999999999,1.0
-1.7325000000000002,-2.384375,12.675624999999998,1.0
-1.969,-2.43225,13.83175,1.0
-2.2055000000000002,-2.480125,14.987874999999999,1.0
-2.442,-2.528,16.144,1.0
-2.62875,-2.50375,17.351625,1.0
-2.8155,-2.4795,18.55925,1.0
-3.00225,-2.45525,19.766875,1.0
-3.189,-2.431,20.9745,1.0
-3.37575,-2.40675,22.182125,1.0
-3.5625,-2.3825000000000003,23.38975,1.0
-3.74925,-2.35825,24.597375,1.0
-3.936,-2.334,25.805,1.0
-3.756375,-2.243,24.392125,1.0
-3.57675,-2.152,22.97925,1.0
-3.397125,-2.061,21.566375,1.0
-3.2175000000000002,-1.9700000000000002,20.1535,1.0
-3.037875,-1.879,18.740625,1.0
-2.85825,-1.788,17.32775,1.0
-2.6786250000000003,-1.697,15.914875,1.0
-2.499,-1.606,14.502,1.0
-2.429625,-1.4047500000000002,14.587875,1.0
-2.36025,-1.2035,14.67375,1.0
-2.290875,-1.00225,14.759625,1.0
-2.2215,-0.801,14.845500000000001,1.0
-2.152125,-0.59975,14.931375000000001,1.0
-2.08275,-0.3985000000000001,15.01725,1.0
-2.013375,-0.19724999999999993,15.103125,1.0
-1.944,0.004,15.189,1.0
-1.98375,0.0795,14.896625,1.0
-2.0235,0.155,14.60425,1.0
-2.06325,0.23049999999999998,14.311875,1.0
-2.1029999999999998,0.306,14.0195,1.0
-2.14275,0.3815,13.727125,1.0
-2.1825,0.45699999999999996,13.43475,1.0
-2.22225,0.5325,13.142375,1.0
-2.262,0.608,12.85,1.0
-2.365625,0.680625,13.359874999999999,1.0
-2.46925,0.75325,13.86975,1.0
-2.5728750000000002,0.825875,14.379624999999999,1.0
-2.6765,0.8985000000000001,14.889499999999998,1.0
-2.780125,0.971125,15.399375,1.0
-2.88375,1.0437500000000002,15.909249999999998,1.0
-2.987375,1.1163750000000001,16.419124999999998,1.0
-3.091,1.189,16.929,1.0
-3.1275000000000004,1.169875,16.83025,1.0
-3.164,1.15075,16.731499999999997,1.0
-3.2005,1.131625,16.632749999999998,1.0
-3.237,1.1125,16.534,1.0
-3.2735000000000003,1.093375,16.43525,1.0
-3.31,1.0742500000000001,16.3365,1.0
-3.3465,1.055125,16.23775,1.0
-3.383,1.036,16.139,1.0
-3.388625,1.03575,16.244125,1.0
-3.39425,1.0355,16.349249999999998,1.0
-3.3998749999999998,1.03525,16.454375,1.0
-3.4055,1.0350000000000001,16.5595,1.0
-3.411125,1.03475,16.664625,1.0
-3.41675,1.0345,16.769750000000002,1.0
-3.4223749999999997,1.0342500000000001,16.874875,1.0
-3.428,1.034,16.98,1.0
-3.44475,1.04,16.868000000000002,1.0
-3.4615,1.046,16.756,1.0
-3.47825,1.052,16.644,1.0
-3.495,1.058,16.532,1.0
-3.5117499999999997,1.064,16.42,1.0
-3.5284999999999997,1.07,16.308,1.0
-3.54525,1.076,16.195999999999998,1.0
-3.562,1.082,16.084,1.0
-3.535625,1.0826250000000002,16.177374999999998,1.0
-3.5092499999999998,1.08325,16.27075,1.0
-3.482875,1.083875,16.364125,1.0
-3.4565,1.0845,16.4575,1.0
-3.430125,1.0851250000000001,16.550874999999998,1.0
-3.40375,1.08575,16.64425,1.0
-3.377375,1.0863749999999999,16.737625,1.0
-3.351,1.087,16.831,1.0
-3.322,1.082125,16.69275,1.0
-3.293,1.07725,16.5545,1.0
-3.2640000000000002,1.072375,16.416249999999998,1.0
-3.2350000000000003,1.0675,16.278,1.0
-3.206,1.062625,16.13975,1.0
-3.177,1.05775,16.0015,1.0
-3.148,1.052875,15.863249999999999,1.0
-3.119,1.048,15.725,1.0
-3.095375,1.03275,15.64325,1.0
-3.07175,1.0175,15.561499999999999,1.0
-3.048125,1.00225,15.47975,1.0
-3.0245,0.9870000000000001,15.398,1.0
-3.000875,0.97175,15.31625,1.0
-2.97725,0.9565,15.2345,1.0
-2.953625,0.94125,15.15275,1.0
-2.93,0.926,15.071,1.0
-2.911125,0.917875,15.007249999999999,1.0
-2.89225,0.9097500000000001,14.9435,1.0
-2.8733750000000002,0.901625,14.87975,1.0
-2.8545,0.8935,14.815999999999999,1.0
-2.835625,0.885375,14.75225,1.0
-2.81675,0.87725,14.6885,1.0
-2.797875,0.869125,14.62475,1.0
-2.779,0.861,14.561,1.0
-2.767625,0.86525,14.479625,1.0
-2.75625,0.8694999999999999,14.39825,1.0
-2.744875,0.87375,14.316875,1.0
-2.7335000000000003,0.878,14.2355,1.0
-2.722125,0.88225,14.154125,1.0
-2.71075,0.8865000000000001,14.07275,1.0
-2.6993750000000003,0.89075,13.991375,1.0
-2.688,0.895,13.91,1.0
-2.6815,0.917125,13.898375,1.0
-2.6750000000000003,0.93925,13.88675,1.0
-2.6685000000000003,0.9613750000000001,13.875125,1.0
-2.662,0.9835,13.8635,1.0
-2.6555,1.005625,13.851875,1.0
-2.649,1.0277500000000002,13.840250000000001,1.0
-2.6425,1.0498750000000001,13.828625,1.0
-2.636,1.072,13.817,1.0
-2.598875,1.086375,13.77025,1.0
-2.56175,1.1007500000000001,13.7235,1.0
-2.524625,1.1151250000000001,13.67675,1.0
-2.4875,1.1295000000000002,13.629999999999999,1.0
-2.450375,1.143875,13.58325,1.0
-2.41325,1.15825,13.5365,1.0
-2.376125,1.172625,13.489749999999999,1.0
-2.339,1.187,13.443,1.0
-2.315375,1.18675,13.429875,1.0
-2.29175,1.1865,13.41675,1.0
-2.268125,1.18625,13.403625,1.0
-2.2445,1.186,13.3905,1.0
-2.220875,1.18575,13.377374999999999,1.0
-2.19725,1.1855,13.364249999999998,1.0
-2.173625,1.1852500000000001,13.351125,1.0
-2.15,1.185,13.338,1.0
-2.0946249999999997,1.1912500000000001,13.33925,1.0
-2.03925,1.1975,13.340499999999999,1.0
-1.983875,1.20375,13.34175,1.0
-1.9285,1.21,13.343,1.0
-1.873125,1.21625,13.34425,1.0
-1.81775,1.2225000000000001,13.345500000000001,1.0
-1.762375,1.22875,13.34675,1.0
-1.707,1.235,13.348,1.0
-1.6620000000000001,1.215875,13.287500000000001,1.0
-1.617,1.1967500000000002,13.227,1.0
-1.572,1.1776250000000001,13.166500000000001,1.0
-1.5270000000000001,1.1585,13.106000000000002,1.0
-1.482,1.139375,13.0455,1.0
-1.437,1.12025,12.985000000000001,1.0
-1.392,1.1011250000000001,12.9245,1.0
-1.347,1.082,12.864,1.0
-1.336625,1.06575,12.872375,1.0
-1.32625,1.0495,12.88075,1.0
-1.315875,1.03325,12.889125,1.0
-1.3054999999999999,1.017,12.8975,1.0
-1.295125,1.00075,12.905875,1.0
-1.28475,0.9844999999999999,12.91425,1.0
-1.274375,0.9682499999999999,12.922625,1.0
-1.264,0.952,12.931,1.0
-1.261875,0.9165,12.873249999999999,1.0
-1.25975,0.881,12.8155,1.0
-1.257625,0.8455,12.75775,1.0
-1.2555,0.81,12.7,1.0
-1.2533750000000001,0.7745,12.642249999999999,1.0
-1.2512500000000002,0.739,12.584499999999998,1.0
-1.249125,0.7035,12.52675,1.0
-1.247,0.668,12.469,1.0
-1.243125,0.6096250000000001,12.439625,1.0
-1.2392500000000002,0.55125,12.41025,1.0
-1.2353750000000001,0.49287500000000006,12.380875,1.0
-1.2315,0.4345,12.3515,1.0
-1.227625,0.37612500000000004,12.322125,1.0
-1.22375,0.31775000000000003,12.29275,1.0
-1.219875,0.259375,12.263375,1.0
-1.216,0.201,12.234,1.0
-1.2177499999999999,0.156125,12.223875,1.0
-1.2195,0.11125000000000002,12.213750000000001,1.0
-1.22125,0.06637500000000002,12.203625,1.0
-1.2229999999999999,0.02150000000000002,12.1935,1.0
-1.22475,-0.02337499999999998,12.183375,1.0
-1.2265,-0.06824999999999998,12.17325,1.0
-1.22825,-0.11312499999999998,12.163125,1.0
-1.23,-0.158,12.153,1.0
-1.2225,-0.19087500000000002,12.103,1.0
-1.2149999999999999,-0.22375,12.053,1.0
-1.2075,-0.256625,12.003,1.0
-1.2,-0.2895,11.953,1.0
-1.1925,-0.32237499999999997,11.903,1.0
-1.185,-0.35525,11.853,1.0
-1.1775,-0.38812500000000005,11.803,1.0
-1.17,-0.421,11.753,1.0
-1.152375,-0.4755,11.747,1.0
-1.13475,-0.53,11.741,1.0
-1.117125,-0.5845,11.735,1.0
-1.0995,-0.639,11.729,1.0
-1.081875,-0.6935,11.723,1.0
-1.06425,-0.748,11.717,1.0
-1.046625,-0.8025,11.711,1.0
-1.029,-0.857,11.705,1.0
-1.0158749999999999,-0.888375,11.658625,1.0
-1.00275,-0.9197500000000001,11.61225,1.0
-0.989625,-0.951125,11.565875,1.0
-0.9764999999999999,-0.9825,11.5195,1.0
-0.963375,-1.013875,11.473125,1.0
-0.95025,-1.04525,11.42675,1.0
-0.937125,-1.0766250000000002,11.380374999999999,1.0
-0.924,-1.108,11.334,1.0
-0.9167500000000001,-1.117625,11.330124999999999,1.0
-0.9095,-1.12725,11.32625,1.0
-0.90225,-1.136875,11.322375000000001,1.0
-0.895,-1.1465,11.3185,1.0
-0.88775,-1.156125,11.314625,1.0
-0.8805000000000001,-1.16575,11.31075,1.0
-0.87325,-1.175375,11.306875000000002,1.0
-0.866,-1.185,11.303,1.0
-0.8565,-1.1975,11.279625000000001,1.0
-0.847,-1.21,11.256250000000001,1.0
-0.8375,-1.2225,11.232875,1.0
-0.8280000000000001,-1.2349999999999999,11.2095,1.0
-0.8185,-1.2475,11.186125,1.0
-0.809,-1.26,11.162749999999999,1.0
-0.7995,-1.2725,11.139375,1.0
-0.79,-1.285,11.116,1.0
-0.783375,-1.3047499999999999,11.122625,1.0
-0.77675,-1.3245,11.129249999999999,1.0
-0.7701250000000001,-1.34425,11.135875,1.0
-0.7635000000000001,-1.3639999999999999,11.1425,1.0
-0.756875,-1.38375,11.149125,1.0
-0.75025,-1.4035,11.155750000000001,1.0
-0.743625,-1.4232500000000001,11.162375,1.0
-0.737,-1.443,11.169,1.0
-0.73375,-1.45075,11.1675,1.0
-0.7304999999999999,-1.4585,11.166,1.0
-0.72725,-1.46625,11.1645,1.0
-0.724,-1.474,11.163,1.0
-0.72075,-1.48175,11.1615,1.0
-0.7175,-1.4895,11.16,1.0
-0.7142499999999999,-1.49725,11.1585,1.0
-0.711,-1.505,11.157,1.0
-0.7118749999999999,-1.5238749999999999,11.141375,1.0
-0.71275,-1.5427499999999998,11.12575,1.0
-0.713625,-1.5616249999999998,11.110125,1.0
-0.7144999999999999,-1.5804999999999998,11.0945,1.0
-0.715375,-1.599375,11.078875,1.0
-0.7162499999999999,-1.61825,11.06325,1.0
-0.717125,-1.637125,11.047625,1.0
-0.718,-1.656,11.032,1.0
-0.738,-1.6733749999999998,11.0395,1.0
-0.758,-1.69075,11.047,1.0
-0.778,-1.708125,11.0545,1.0
-0.798,-1.7254999999999998,11.062000000000001,1.0
-0.818,-1.742875,11.0695,1.0
-0.838,-1.7602499999999999,11.077,1.0
-0.858,-1.777625,11.0845,1.0
-0.878,-1.795,11.092,1.0
-0.883125,-1.804875,11.073125000000001,1.0
-0.88825,-1.81475,11.05425,1.0
-0.893375,-1.824625,11.035375,1.0
-0.8985000000000001,-1.8345,11.0165,1.0
-0.903625,-1.844375,10.997625000000001,1.0
-0.9087500000000001,-1.85425,10.978750000000002,1.0
-0.913875,-1.864125,10.959875,1.0
-0.919,-1.874,10.941,1.0
-0.9375,-1.898625,10.9395,1.0
-0.956,-1.9232500000000001,10.938,1.0
-0.9745,-1.9478750000000002,10.9365,1.0
-0.993,-1.9725000000000001,10.935,1.0
-1.0115,-1.997125,10.9335,1.0
-1.03,-2.02175,10.932,1.0
-1.0485,-2.0463750000000003,10.9305,1.0
-1.067,-2.071,10.929,1.0
-1.0763749999999999,-2.098125,10.886875,1.0
-1.08575,-2.1252500000000003,10.844750000000001,1.0
-1.095125,-2.152375,10.802625,1.0
-1.1044999999999998,-2.1795,10.7605,1.0
-1.113875,-2.206625,10.718375,1.0
-1.1232499999999999,-2.2337499999999997,10.67625,1.0
-1.132625,-2.260875,10.634125000000001,1.0
-1.142,-2.288,10.592,1.0
-1.153625,-2.29825,10.576125000000001,1.0
-1.16525,-2.3085,10.56025,1.0
-1.176875,-2.31875,10.544375,1.0
-1.1885,-2.3289999999999997,10.528500000000001,1.0
-1.200125,-2.33925,10.512625,1.0
-1.21175,-2.3495,10.49675,1.0
-1.223375,-2.35975,10.480875,1.0
-1.235,-2.37,10.465,1.0
-1.26875,-2.387875,10.446125,1.0
-1.3025,-2.4057500000000003,10.42725,1.0
-1.33625,-2.423625,10.408375,1.0
-1.37,-2.4415,10.3895,1.0
-1.40375,-2.459375,10.370625,1.0
-1.4375,-2.4772499999999997,10.35175,1.0
-1.47125,-2.495125,10.332875,1.0
-1.505,-2.513,10.314,1.0
-1.5305,-2.534,10.272124999999999,1.0
-1.556,-2.5549999999999997,10.23025,1.0
-1.5815,-2.576,10.188375,1.0
-1.607,-2.597,10.1465,1.0
-1.6325,-2.618,10.104624999999999,1.0
-1.658,-2.6390000000000002,10.06275,1.0
-1.6835,-2.66,10.020875,1.0
-1.709,-2.681,9.979,1.0
-1.7156250000000002,-2.69025,9.97575,1.0
-1.72225,-2.6995,9.9725,1.0
-1.728875,-2.70875,9.969249999999999,1.0
-1.7355,-2.718,9.966,1.0
-1.7421250000000001,-2.7272499999999997,9.96275,1.0
-1.74875,-2.7365,9.959499999999998,1.0
-1.755375,-2.74575,9.956249999999999,1.0
-1.762,-2.755,9.953,1.0
-1.76975,-2.7661249999999997,9.877875,1.0
-1.7775,-2.77725,9.80275,1.0
-1.78525,-2.788375,9.727625,1.0
-1.7930000000000001,-2.7995,9.6525,1.0
-1.80075,-2.810625,9.577375,1.0
-1.8085,-2.8217499999999998,9.50225,1.0
-1.8162500000000001,-2.832875,9.427125,1.0
-1.824,-2.844,9.352,1.0
-1.824,-2.844,9.352,1.0
-1.824,-2.844,9.352,1.0
-1.824,-2.844,9.352,1.0
-1.824,-2.844,9.352,1.0
-1.824,-2.844,9.352,1.0
-1.824,-2.844,9.352,1.0
-1.824,-2.844,9.352,1.0
-1.824,-2.844,9.352,1.0
-1.8126250000000002,-2.82875,9.287875,1.0
-1.80125,-2.8135,9.22375,1.0
-1.789875,-2.79825,9.159625,1.0
-1.7785000000000002,-2.783,9.095500000000001,1.0
-1.767125,-2.76775,9.031375,1.0
-1.7557500000000001,-2.7525,8.96725,1.0
-1.744375,-2.73725,8.903125000000001,1.0
-1.733,-2.722,8.839,1.0
-1.7016250000000002,-2.716,8.881875,1.0
-1.67025,-2.71,8.92475,1.0
-1.638875,-2.7039999999999997,8.967625,1.0
-1.6075,-2.698,9.0105,1.0
-1.576125,-2.692,9.053375,1.0
-1.54475,-2.686,9.096250000000001,1.0
-1.513375,-2.6799999999999997,9.139125,1.0
-1.482,-2.674,9.182,1.0
-1.50675,-2.671,9.219000000000001,1.0
-1.5314999999999999,-2.668,9.256,1.0
-1.55625,-2.665,9.293,1.0
-1.581,-2.662,9.33,1.0
-1.60575,-2.659,9.367,1.0
-1.6305,-2.6559999999999997,9.404,1.0
-1.6552499999999999,-2.653,9.440999999999999,1.0
-1.68,-2.65,9.478,1.0
-1.70875,-2.6515,9.4215,1.0
-1.7374999999999998,-2.653,9.365,1.0
-1.7662499999999999,-2.6545,9.3085,1.0
-1.795,-2.6559999999999997,9.251999999999999,1.0
-1.82375,-2.6574999999999998,9.1955,1.0
-1.8525,-2.659,9.139,1.0
-1.8812499999999999,-2.6605,9.0825,1.0
-1.91,-2.662,9.026,1.0
-1.9393749999999998,-2.653625,8.97875,1.0
-1.96875,-2.64525,8.9315,1.0
-1.998125,-2.636875,8.88425,1.0
-2.0275,-2.6285,8.837,1.0
-2.056875,-2.6201250000000003,8.78975,1.0
-2.08625,-2.6117500000000002,8.7425,1.0
-2.115625,-2.603375,8.69525,1.0
-2.145,-2.595,8.648,1.0
-2.1545,-2.5896250000000003,8.658999999999999,1.0
-2.164,-2.58425,8.67,1.0
-2.1735,-2.578875,8.681000000000001,1.0
-2.183,-2.5735,8.692,1.0
-2.1925,-2.568125,8.703,1.0
-2.202,-2.5627500000000003,8.714,1.0
-2.2115,-2.557375,8.725000000000001,1.0
-2.221,-2.552,8.736,1.0
-2.22225,-2.54575,8.745000000000001,1.0
-2.2235,-2.5395,8.754000000000001,1.0
-2.2247500000000002,-2.53325,8.763,1.0
-2.226,-2.527,8.772,1.0
-2.2272499999999997,-2.52075,8.781,1.0
-2.2285,-2.5145,8.79,1.0
-2.22975,-2.50825,8.799,1.0
-2.231,-2.502,8.808,1.0
-2.234625,-2.4945,8.772375,1.0
-2.23825,-2.487,8.73675,1.0
-2.241875,-2.4795,8.701125,1.0
-2.2455,-2.472,8.6655,1.0
-2.249125,-2.4645,8.629875,1.0
-2.25275,-2.457,8.594249999999999,1.0
-2.256375,-2.4495,8.558625,1.0
-2.26,-2.442,8.523,1.0
-2.2554999999999996,-2.4242500000000002,8.5475,1.0
-2.251,-2.4065000000000003,8.572,1.0
-2.2465,-2.38875,8.596499999999999,1.0
-2.242,-2.371,8.620999999999999,1.0
-2.2375,-2.35325,8.6455,1.0
-2.233,-2.3354999999999997,8.67,1.0
-2.2285000000000004,-2.3177499999999998,8.6945,1.0
-2.224,-2.3,8.719,1.0
-2.220375,-2.27975,8.72775,1.0
-2.21675,-2.2595,8.7365,1.0
-2.2131250000000002,-2.2392499999999997,8.745249999999999,1.0
-2.2095000000000002,-2.219,8.754,1.0
-2.205875,-2.19875,8.76275,1.0
-2.20225,-2.1784999999999997,8.7715,1.0
-2.198625,-2.15825,8.780249999999999,1.0
-2.195,-2.138,8.789,1.0
-2.192875,-2.128375,8.79075,1.0
-2.19075,-2.11875,8.7925,1.0
-2.188625,-2.1091249999999997,8.79425,1.0
-2.1864999999999997,-2.0995,8.796,1.0
-2.1843749999999997,-2.089875,8.79775,1.0
-2.18225,-2.08025,8.7995,1.0
-2.180125,-2.0706249999999997,8.801250000000001,1.0
-2.178,-2.061,8.803,1.0
-2.178625,-2.043625,8.845500000000001,1.0
-2.1792499999999997,-2.02625,8.888000000000002,1.0
-2.179875,-2.0088749999999997,8.9305,1.0
-2.1805,-1.9914999999999998,8.973,1.0
-2.1811249999999998,-1.974125,9.015500000000001,1.0
-2.18175,-1.95675,9.058,1.0
-2.182375,-1.9393749999999998,9.1005,1.0
-2.183,-1.922,9.143,1.0
-2.19225,-1.9035,9.170625000000001,1.0
-2.2015,-1.885,9.198250000000002,1.0
-2.21075,-1.8665,9.225875,1.0
-2.2199999999999998,-1.8479999999999999,9.2535,1.0
-2.22925,-1.8295,9.281125000000001,1.0
-2.2385,-1.811,9.30875,1.0
-2.24775,-1.7925,9.336375,1.0
-2.257,-1.774,9.364,1.0
-2.259125,-1.76525,9.379750000000001,1.0
-2.26125,-1.7565,9.3955,1.0
-2.263375,-1.74775,9.41125,1.0
-2.2655000000000003,-1.7389999999999999,9.427,1.0
-2.2676250000000002,-1.73025,9.44275,1.0
-2.26975,-1.7215,9.4585,1.0
-2.271875,-1.71275,9.47425,1.0
-2.274,-1.704,9.49,1.0
-2.271375,-1.6881249999999999,9.508875,1.0
-2.26875,-1.67225,9.527750000000001,1.0
-2.266125,-1.656375,9.546625,1.0
-2.2635,-1.6404999999999998,9.5655,1.0
-2.260875,-1.624625,9.584375,1.0
-2.2582500000000003,-1.60875,9.60325,1.0
-2.255625,-1.592875,9.622125,1.0
-2.253,-1.577,9.641,1.0
-2.2418750000000003,-1.55575,9.661125,1.0
-2.23075,-1.5345,9.68125,1.0
-2.219625,-1.51325,9.701375,1.0
-2.2085,-1.492,9.721499999999999,1.0
-2.197375,-1.47075,9.741624999999999,1.0
-2.1862500000000002,-1.4495,9.76175,1.0
-2.175125,-1.42825,9.781875,1.0
-2.164,-1.407,9.802,1.0
-2.1597500000000003,-1.3945,9.8095,1.0
-2.1555,-1.3820000000000001,9.817,1.0
-2.15125,-1.3695,9.8245,1.0
-2.1470000000000002,-1.357,9.832,1.0
-2.14275,-1.3445,9.8395,1.0
-2.1385,-1.3319999999999999,9.847,1.0
-2.1342499999999998,-1.3195,9.8545,1.0
-2.13,-1.307,9.862,1.0
-2.12075,-1.2887499999999998,9.8655,1.0
-2.1115,-1.2705,9.869,1.0
-2.1022499999999997,-1.25225,9.8725,1.0
-2.093,-1.234,9.876000000000001,1.0
-2.08375,-1.2157499999999999,9.8795,1.0
-2.0745,-1.1975,9.883000000000001,1.0
-2.06525,-1.1792500000000001,9.8865,1.0
-2.056,-1.161,9.89,1.0
-2.039,-1.143,9.896,1.0
-2.0220000000000002,-1.125,9.902000000000001,1.0
-2.005,-1.107,9.908000000000001,1.0
-1.988,-1.089,9.914000000000001,1.0
-1.971,-1.071,9.92,1.0
-1.954,-1.053,9.926,1.0
-1.9369999999999998,-1.035,9.932,1.0
-1.92,-1.017,9.938,1.0
-1.913125,-1.011,9.938,1.0
-1.90625,-1.005,9.938,1.0
-1.899375,-0.9989999999999999,9.938,1.0
-1.8925,-0.9929999999999999,9.938,1.0
-1.8856249999999999,-0.987,9.938,1.0
-1.87875,-0.981,9.938,1.0
-1.871875,-0.975,9.938,1.0
-1.865,-0.969,9.938,1.0
-1.84425,-0.9565,9.940125,1.0
-1.8235000000000001,-0.944,9.942250000000001,1.0
-1.80275,-0.9315,9.944375,1.0
-1.782,-0.919,9.9465,1.0
-1.76125,-0.9065,9.948625,1.0
-1.7405,-0.894,9.95075,1.0
-1.7197500000000001,-0.8815,9.952875,1.0
-1.699,-0.869,9.955,1.0
-1.678125,-0.85725,9.955,1.0
-1.6572500000000001,-0.8455,9.955,1.0
-1.6363750000000001,-0.83375,9.955,1.0
-1.6155,-0.8220000000000001,9.955,1.0
-1.594625,-0.81025,9.955,1.0
-1.57375,-0.7985,9.955,1.0
-1.552875,-0.7867500000000001,9.955,1.0
-1.532,-0.775,9.955,1.0
-1.5215,-0.76725,9.95075,1.0
-1.5110000000000001,-0.7595000000000001,9.9465,1.0
-1.5005,-0.75175,9.94225,1.0
-1.49,-0.744,9.937999999999999,1.0
-1.4795,-0.73625,9.93375,1.0
-1.4689999999999999,-0.7284999999999999,9.929499999999999,1.0
-1.4585,-0.72075,9.92525,1.0
-1.448,-0.713,9.921,1.0
-1.428,-0.7022499999999999,9.918624999999999,1.0
-1.408,-0.6915,9.91625,1.0
-1.388,-0.68075,9.913874999999999,1.0
-1.3679999999999999,-0.6699999999999999,9.9115,1.0
-1.348,-0.65925,9.909125,1.0
-1.328,-0.6485,9.906749999999999,1.0
-1.308,-0.63775,9.904375,1.0
-1.288,-0.627,9.902,1.0
-1.26825,-0.62075,9.90025,1.0
-1.2485,-0.6145,9.898499999999999,1.0
-1.22875,-0.60825,9.896749999999999,1.0
-1.209,-0.602,9.895,1.0
-1.18925,-0.59575,9.89325,1.0
-1.1695,-0.5894999999999999,9.8915,1.0
-1.1497499999999998,-0.5832499999999999,9.88975,1.0
-1.13,-0.577,9.888,1.0
-1.121875,-0.573375,9.8865,1.0
-1.11375,-0.56975,9.885,1.0
-1.1056249999999999,-0.566125,9.8835,1.0
-1.0975,-0.5625,9.882,1.0
-1.089375,-0.558875,9.8805,1.0
-1.0812499999999998,-0.55525,9.879,1.0
-1.0731249999999999,-0.551625,9.8775,1.0
-1.065,-0.548,9.876,1.0
-1.047375,-0.542875,9.87275,1.0
-1.02975,-0.5377500000000001,9.869499999999999,1.0
-1.012125,-0.532625,9.866249999999999,1.0
-0.9944999999999999,-0.5275000000000001,9.863,1.0
-0.976875,-0.522375,9.85975,1.0
-0.95925,-0.51725,9.8565,1.0
-0.941625,-0.512125,9.85325,1.0
-0.924,-0.507,9.85,1.0
-0.908375,-0.5025,9.8445,1.0
-0.89275,-0.498,9.838999999999999,1.0
-0.877125,-0.4935,9.833499999999999,1.0
-0.8615,-0.489,9.828,1.0
-0.845875,-0.4845,9.8225,1.0
-0.83025,-0.48,9.817,1.0
-0.814625,-0.4755,9.811499999999999,1.0
-0.799,-0.471,9.806,1.0
-0.778375,-0.46412499999999995,9.802125,1.0
-0.75775,-0.45725,9.79825,1.0
-0.737125,-0.45037499999999997,9.794374999999999,1.0
-0.7165,-0.4435,9.7905,1.0
-0.695875,-0.436625,9.786625,1.0
-0.67525,-0.42974999999999997,9.78275,1.0
-0.654625,-0.422875,9.778875,1.0
-0.634,-0.416,9.775,1.0
-0.634,-0.416,9.775,1.0
-0.634,-0.416,9.775,1.0
-0.634,-0.416,9.775,1.0
-0.634,-0.416,9.775,1.0
-0.634,-0.416,9.775,1.0
-0.634,-0.416,9.775,1.0
-0.634,-0.416,9.775,1.0
-0.634,-0.416,9.775,1.0
-0.62825,-0.41662499999999997,9.770875,1.0
-0.6225,-0.41725,9.76675,1.0
-0.61675,-0.417875,9.762625,1.0
-0.611,-0.4185,9.758500000000002,1.0
-0.60525,-0.41912499999999997,9.754375000000001,1.0
-0.5994999999999999,-0.41974999999999996,9.750250000000001,1.0
-0.59375,-0.420375,9.746125000000001,1.0
-0.588,-0.421,9.742,1.0
-0.582625,-0.421,9.744375000000002,1.0
-0.57725,-0.421,9.74675,1.0
-0.571875,-0.421,9.749125,1.0
-0.5665,-0.421,9.7515,1.0
-0.561125,-0.421,9.753875,1.0
-0.55575,-0.421,9.75625,1.0
-0.5503750000000001,-0.421,9.758624999999999,1.0
-0.545,-0.421,9.761,1.0
-0.5465,-0.4195,9.7595,1.0
-0.548,-0.418,9.758,1.0
-0.5495000000000001,-0.4165,9.756499999999999,1.0
-0.551,-0.415,9.754999999999999,1.0
-0.5525,-0.4135,9.7535,1.0
-0.554,-0.412,9.752,1.0
-0.5555000000000001,-0.4105,9.7505,1.0
-0.557,-0.409,9.749,1.0
-0.560875,-0.409875,9.748750000000001,1.0
-0.5647500000000001,-0.41074999999999995,9.7485,1.0
-0.568625,-0.41162499999999996,9.74825,1.0
-0.5725,-0.4125,9.748000000000001,1.0
-0.576375,-0.413375,9.74775,1.0
-0.5802499999999999,-0.41425,9.7475,1.0
-0.584125,-0.41512499999999997,9.74725,1.0
-0.588,-0.416,9.747,1.0
-0.591625,-0.42025,9.751125,1.0
-0.59525,-0.4245,9.75525,1.0
-0.5988749999999999,-0.42874999999999996,9.759375,1.0
-0.6025,-0.433,9.7635,1.0
-0.606125,-0.43725,9.767624999999999,1.0
-0.60975,-0.4415,9.771749999999999,1.0
-0.613375,-0.44575,9.775875,1.0
-0.617,-0.45,9.78,1.0
-0.617,-0.45,9.78,1.0
-0.617,-0.45,9.78,1.0
-0.617,-0.45,9.78,1.0
-0.617,-0.45,9.78,1.0
-0.617,-0.45,9.78,1.0
-0.617,-0.45,9.78,1.0
-0.617,-0.45,9.78,1.0
